TRTID10,state,county,tract,placefp10,cbsa10,metdiv10,ccflag10,POP00,NHWHT00,NHBLK00,NTV00,ASIAN00,HISP00,HAW00,INDIA00,CHINA00,FILIP00,JAPAN00,KOREA00,VIET00,MEX00,PR00,CUBAN00,HU00,VAC00,OHU00,A18UND00,A60UP00,A75UP00,AGEWHT00,A15WHT00,A60WHT00,AGEBLK00,A15BLK00,A60BLK00,AGEHSP00,A15HSP00,A60HSP00,AGENTV00,A15NTV00,A60NTV00,AGEASN00,A15ASN00,A60ASN00,FAMILY00,FHH00,OWN00,RENT00,GlobD00,GlobG00
22071001500,LA,Orleans Parish,Census Tract 15,55000,35380,99999,1,2026,112,1831,1,12,68,0,0,0,5,0,0,5,4,4,16,863,165,698,700,228,67,112,12,41,1826,609,171,68,8,12,1,0,0,10,0,2,483,189,250,448,b,Minority
22071012101,LA,Orleans Parish,Census Tract 121.01,55000,35380,99999,1,2233,1762,196,11,118,134,0,25,53,7,5,15,2,19,18,14,1053,80,973,386,217,97,1762,243,198,187,48,15,134,27,3,5,0,0,109,17,1,414,43,373,600,wba,Semi global
22071000604,LA,Orleans Parish,Census Tract 6.04,55000,35380,99999,1,5146.900834,875.271577,3764.395536,17.02036828,66.7264685,394.4393582,1,8.101841383,15,6,5,1.006789425,28.64499539,64.06789425,34.0543154,16.0543154,2106.640058,216.0843537,1890.555705,1630.809793,525.8486782,156.2036828,875.271577,124.0339471,220.0814731,3720.280116,1177.506224,244.4616809,394.4393582,105.366629,51.25799817,12.01357885,2.013578851,0,55.71967912,13.19689333,7.040736552,1276.693447,412.0571959,854.1542023,1036.401502,wbh,Semi global
22071002100,LA,Orleans Parish,Census Tract 21,55000,35380,99999,1,1522,20,1471,1,0,26,0,0,0,0,0,0,0,1,8,1,695,111,584,445,251,55,20,1,7,1460,382,238,26,6,2,1,0,1,0,0,0,394,148,250,334,b,Minority
22071008300,LA,Orleans Parish,Census Tract 83,55000,35380,99999,1,1416,699,624,5,20,57,0,2,10,1,8,1,0,10,3,3,727,86,641,321,227,77,699,63,152,618,205,55,57,5,12,0,0,0,16,4,5,294,58,264,377,bw,White Black
22071980000,LA,Orleans Parish,Census Tract 9800,55000,35380,99999,1,0.999999969,0.819054365,0.099182367,0.004265908,0.016352648,0.052612867,0.000355492,0.003554923,0.002132954,0.004265908,0.002488446,0.001777462,0.002132954,0.007465339,0.003554923,0.007109847,0.603270531,0.04692499,0.556345522,0.141130462,0.145396367,0.062566653,0.819054365,0.092072517,0.125488803,0.094205469,0.022040525,0.008887309,0.052612867,0.008887309,0.007465339,0.000710985,0,0,0.014219694,0.001066477,0.001777462,0.206185564,0.028439388,0.233913958,0.322431564,bw,White Black
22071012300,LA,Orleans Parish,Census Tract 123,55000,35380,99999,1,2275,825,1272,5,32,129,0,3,11,6,2,6,3,17,7,20,1052,87,965,517,344,131,825,86,135,1233,305,178,129,25,23,3,1,0,26,4,3,561,136,470,495,bw,White Black
22071001747,LA,Orleans Parish,Census Tract 17.47,55000,35380,99999,1,3524.00008,584.6247559,2616.484619,13.25776768,248.0485535,48.3266983,0,22.66650581,12.40242767,11.97475719,2.993689299,2.566019535,201.4325256,5.559709072,1.283009768,7.698058605,1256.921875,41.91165161,1215.010254,976.3704224,511.4932251,181.3320465,584.6247559,50.03738022,270.7150574,2581.843262,686.8378906,204.8538818,48.3266983,14.96844673,10.26407814,10.69174767,4.276699066,3.421359301,239.922821,68.42718506,14.54077721,939.163147,137.7097168,1076.44519,138.5650482,wba,Semi global
22071003100,LA,Orleans Parish,Census Tract 31,55000,35380,99999,1,1936,30,1848,5,0,27,0,3,0,0,0,0,0,9,0,0,857,93,764,571,355,170,30,3,14,1833,478,321,27,7,2,5,2,0,0,0,0,479,160,338,426,b,Minority
22071001720,LA,Orleans Parish,Census Tract 17.20,55000,35380,99999,1,5092,492,4478,25,17,53,0,5,3,6,1,0,0,4,5,14,1833,134,1699,1662,560,164,492,39,228,4457,1377,309,53,10,13,20,5,0,13,4,1,1339,425,1079,620,b,Minority
22071001740,LA,Orleans Parish,Census Tract 17.40,55000,35380,99999,1,5291,185,4827,4,134,135,0,19,10,11,1,12,77,65,7,1,2115,80,2035,1474,296,63,185,18,36,4791,1215,249,135,25,4,2,0,0,130,34,5,1399,333,1067,968,ba,Minority
22071007502,LA,Orleans Parish,Census Tract 75.02,55000,35380,99999,1,3819,107,3644,2,2,62,0,1,0,0,1,0,0,18,4,13,1555,139,1416,1078,753,233,107,19,40,3613,904,698,62,16,8,1,0,0,2,0,0,990,341,669,747,b,Minority
22071000701,LA,Orleans Parish,Census Tract 7.01,55000,35380,99999,1,3278,23,3220,0,15,20,0,2,12,2,0,0,0,2,0,3,1270,133,1137,952,644,208,23,5,2,3207,832,633,20,8,4,0,0,0,3,1,1,818,258,689,448,b,Minority
22071011600,LA,Orleans Parish,Census Tract 116,55000,35380,99999,1,1529,1409,46,3,27,34,0,4,7,4,5,2,1,8,1,3,753,49,704,271,347,169,1409,239,318,46,4,17,34,3,3,1,0,0,22,2,2,340,7,425,279,w,White
22071009400,LA,Orleans Parish,Census Tract 94,55000,35380,99999,1,2190,28,2141,5,2,12,0,3,0,0,0,0,0,0,0,1,1186,291,895,674,377,124,28,6,1,2130,602,373,12,6,1,5,4,0,2,1,0,483,217,207,688,b,Minority
22071002900,LA,Orleans Parish,Census Tract 29,55000,35380,99999,1,2312.399617,24.01467461,2236.272438,0.003261024,6.006522048,45.09293918,0,4,0,3.001630512,0,0,3,11.0277187,3.006522048,5.003261024,936.6696442,165.2576209,771.4120233,828.948958,312.7043812,109.2608819,24.01467461,6.004891536,7.001630512,2229.256132,696.8005814,297.6831845,45.09293918,21.02282717,6.008152559,0.003261024,0,0.001630512,6.006522048,2,0,535.8511273,219.3081668,255.4434992,515.9685241,b,Minority
22071010100,LA,Orleans Parish,Census Tract 101,55000,35380,99999,1,2429,1235,1034,6,58,83,0,13,7,7,12,15,3,14,11,10,1349,171,1178,396,380,137,1235,105,168,1018,220,200,83,9,8,4,2,0,48,7,0,512,99,437,741,wba,Semi global
22071008500,LA,Orleans Parish,Census Tract 85,55000,35380,99999,1,1778,14,1743,1,4,13,0,0,0,3,0,0,1,6,0,1,816,138,678,558,302,123,14,0,3,1736,486,293,13,3,4,0,0,0,4,0,1,375,167,138,540,b,Minority
22071006900,LA,Orleans Parish,Census Tract 69,55000,35380,99999,1,4339,9,4285,2,3,38,0,1,0,0,0,0,0,12,0,1,1647,226,1421,2100,294,93,9,3,2,4268,1900,283,38,19,6,2,0,1,3,1,0,1139,839,56,1365,b,Minority
22071013200,LA,Orleans Parish,Census Tract 132,55000,35380,99999,1,3232,631,2502,13,23,57,0,1,6,2,6,0,0,2,11,4,1405,129,1276,826,482,140,631,61,113,2485,633,348,57,12,13,6,0,2,16,0,3,787,239,597,679,bw,White Black
22071003900,LA,Orleans Parish,Census Tract 39,55000,35380,99999,1,1444.999997,246.6585999,1152.405029,10.98479652,3.994471312,21.96959305,1.997235656,0,0,0,0.998617828,0,0,6.990324974,0.998617828,0.998617828,883.7767944,227.6848602,656.0919189,346.5203857,206.7138977,55.92259979,246.6585999,5.991706848,30.95715332,1144.416016,290.5977783,165.7705536,21.96959305,1.997235656,4.993089199,8.987560272,0,0.998617828,3.994471312,0,0.998617828,280.6116028,105.8534927,154.7857666,501.3061523,bw,White Black
22071001725,LA,Orleans Parish,Census Tract 17.25,55000,35380,99999,1,7773,1177,6304,9,62,135,0,4,13,10,3,1,22,12,8,26,2981,84,2897,2247,1043,365,1177,79,511,6245,1808,476,135,30,34,8,2,2,46,8,6,2034,522,1669,1228,bw,White Black
22071007000,LA,Orleans Parish,Census Tract 70,55000,35380,99999,1,2172,44,2108,1,2,16,0,0,0,1,0,0,0,9,0,1,571,68,503,254,192,67,44,3,31,2098,212,157,16,5,2,1,0,0,2,0,0,216,72,147,356,b,Minority
22071000617,LA,Orleans Parish,Census Tract 6.17,55000,35380,99999,1,3883.000041,1740.069702,1708.684692,15.94978142,212.4922485,183.1652374,0.514509082,47.84934616,12.34821796,34.98661804,6.174108982,6.688618183,96.2131958,43.73327255,33.44308853,16.46429062,1630.993774,126.5692368,1504.424561,1097.962402,344.7210999,94.6696701,1740.069702,327.7422791,238.7322083,1689.133301,530.4588623,79.748909,183.1652374,50.42189026,8.74665451,4.630581856,0.514509082,0.514509082,196.5424652,50.93639755,15.94978142,1003.292725,172.8750458,759.4154053,745.0091553,wba,Semi global
22071002200,LA,Orleans Parish,Census Tract 22,55000,35380,99999,1,2049,54,1950,5,3,31,0,0,0,0,3,0,0,1,2,6,862,151,711,691,261,67,54,1,27,1936,608,230,31,7,1,5,1,0,3,0,0,492,200,300,411,b,Minority
22071002000,LA,Orleans Parish,Census Tract 20,55000,35380,99999,1,2155,66,2025,7,12,45,0,7,6,4,1,0,0,12,3,1,938,183,755,762,278,79,66,2,36,2015,654,230,45,6,10,7,2,0,8,3,2,528,232,262,493,b,Minority
22071000702,LA,Orleans Parish,Census Tract 7.02,55000,35380,99999,1,2976,428,2437,26,15,62,1,0,0,2,1,0,10,3,7,6,1302,202,1100,923,509,240,428,57,170,2406,723,309,62,9,14,22,5,8,12,5,2,678,244,394,706,bw,White Black
22071004402,LA,Orleans Parish,Census Tract 44.02,55000,35380,99999,1,2504,5,2486,1,0,12,0,1,0,0,0,0,0,8,0,3,930,42,888,1215,202,58,5,5,0,2482,1120,201,12,6,0,1,0,0,0,0,0,677,520,4,884,b,Minority
22071000904,LA,Orleans Parish,Census Tract 9.04,55000,35380,99999,1,2403.905911,22.94184113,2357.024658,0.997471333,0.997471333,16.95701218,0,0,0,0,0,0.997471333,0,0.997471333,0.997471333,0,973.5320435,179.5448456,793.9871826,788.9998169,443.8747559,158.5979462,22.94184113,1.994942665,9.974713326,2345.055176,702.2198486,426.9177246,16.95701218,9.974713326,2.992413998,0.997471333,0.997471333,0,0.997471333,0,0,583.520752,220.4411621,422.9278564,371.0593262,b,Minority
22071007200,LA,Orleans Parish,Census Tract 72,55000,35380,99999,1,2576,92,2401,3,23,47,0,1,0,2,0,0,15,7,5,0,1305,267,1038,708,442,184,92,15,27,2387,604,387,47,4,20,1,0,0,23,2,2,573,228,226,812,b,Minority
22071002504,LA,Orleans Parish,Census Tract 25.04,55000,35380,99999,1,2625,873,1603,20,25,84,0,7,1,4,6,0,7,14,6,29,1169,94,1075,663,423,171,873,103,282,1578,439,106,84,22,22,9,1,1,22,4,4,708,155,781,294,bw,White Black
22071000902,LA,Orleans Parish,Census Tract 9.02,55000,35380,99999,1,2943,7,2924,0,1,8,0,1,0,1,0,0,0,2,0,2,1144,159,985,897,512,188,7,0,0,2911,781,509,8,2,2,0,0,0,1,1,0,706,237,591,394,b,Minority
22071000616,LA,Orleans Parish,Census Tract 6.16,55000,35380,99999,1,4700.000205,2419.63208,1800.613525,39.87730408,187.730072,241.717804,0.613496959,28.22085953,17.79141235,16.56441879,0,2.453987837,120.858902,58.89570618,23.31288528,23.31288528,2034.355957,246.0122833,1788.343628,1286.503174,761.3497314,288.3435669,2419.63208,467.4846802,623.9263916,1778.52771,553.9877319,80.36810303,241.717804,57.05521774,32.5153389,29.44785309,7.361963272,1.226993918,169.3251648,42.3312912,19.63190269,1180.981689,222.6994019,960.1227417,828.2208862,wba,Semi global
22071001750,LA,Orleans Parish,Census Tract 17.50,55000,35380,99999,1,6260.000062,156.0124664,2969.112061,17.41210556,2969.808594,142.7792664,0,18.10858917,9.054294586,4.178905487,3.482420921,1.392968416,2886.927002,13.23320007,9.750779152,2.089452744,1826.878052,71.04138947,1755.83667,2418.193115,567.6346436,138.6003571,156.0124664,20.19804192,55.02225113,2948.217773,1213.971924,147.6546478,142.7792664,59.89764023,7.661326408,2.785936832,0,1.392968416,2938.466797,822.5478516,346.8491211,1490.476196,500.0756531,673.5002441,1082.336426,ba,Minority
22071001302,LA,Orleans Parish,Census Tract 13.02,55000,35380,99999,1,1969,58,1885,3,0,18,0,2,1,1,0,0,0,1,2,0,744,81,663,643,258,65,58,2,37,1878,547,213,18,4,3,3,0,0,0,0,0,511,194,293,370,b,Minority
22071002501,LA,Orleans Parish,Census Tract 25.01,55000,35380,99999,1,2541,713,1624,4,20,158,0,7,8,2,0,0,2,11,7,58,1111,72,1039,632,491,220,713,73,309,1603,450,125,158,24,43,2,0,2,18,1,4,684,142,733,306,bw,White Black
22071003304,LA,Orleans Parish,Census Tract 33.04,55000,35380,99999,1,2804,587,2039,7,17,129,0,1,3,9,1,0,0,10,3,28,1371,227,1144,754,470,201,587,49,236,2007,568,181,129,23,41,6,0,1,12,0,4,758,233,659,485,bw,White Black
22071007101,LA,Orleans Parish,Census Tract 71.01,55000,35380,99999,1,1529.000008,139.4750214,1328.027344,2.21069932,16.88170433,41.80231476,0,4.823343754,3.014590025,0.200972661,0.200972661,0.200972661,3.014590025,17.08267593,0.200972661,2.009726524,129.8283386,18.28851128,111.5398254,93.05033875,46.22371292,12.25933266,139.4750214,1.607781291,9.445714951,1325.414673,59.2869339,33.16048813,41.80231476,2.612644672,3.014590025,2.21069932,0,0,16.88170433,0,0,55.46845627,20.70018387,21.90601921,89.63380432,b,Minority
22071013302,LA,Orleans Parish,Census Tract 133.02,55000,35380,99999,1,2162,1565,419,3,89,80,0,36,14,5,3,8,17,20,9,8,713,24,689,323,581,253,1565,207,514,409,32,42,80,14,16,1,0,0,83,16,8,526,9,655,34,wba,Semi global
22071003303,LA,Orleans Parish,Census Tract 33.03,55000,35380,99999,1,2514,998,1099,15,207,169,0,95,64,11,4,5,20,19,4,32,1203,114,1089,473,424,206,998,88,295,1076,285,72,169,19,47,11,3,1,201,10,9,602,111,624,465,wbha,Global
22071007604,LA,Orleans Parish,Census Tract 76.04,55000,35380,99999,1,1962,1845,37,2,24,46,0,23,1,1,1,0,2,5,3,14,795,15,780,477,567,201,1845,402,543,33,4,12,46,15,7,1,0,1,23,6,3,594,23,715,65,w,White
22071000612,LA,Orleans Parish,Census Tract 6.12,55000,35380,99999,1,1147,878,131,8,89,30,0,50,12,6,0,0,16,4,2,1,418,43,375,370,111,17,878,254,93,129,48,12,30,8,3,0,0,0,87,16,2,331,20,354,21,wba,Semi global
22071010600,LA,Orleans Parish,Census Tract 106,55000,35380,99999,1,1574,623,864,7,8,63,0,0,0,0,2,0,4,6,3,3,834,93,741,282,282,149,623,40,133,850,195,142,63,8,6,1,0,0,5,1,0,327,93,282,459,bw,White Black
22071000800,LA,Orleans Parish,Census Tract 8,55000,35380,99999,1,2531,90,2415,7,1,17,0,0,0,1,0,0,0,2,1,3,1038,156,882,861,303,85,90,6,44,2403,729,253,17,4,4,7,3,0,1,0,0,637,253,435,447,b,Minority
22071004900,LA,Orleans Parish,Census Tract 49,55000,35380,99999,1,2968,165,2675,7,27,93,0,2,0,2,0,0,21,11,1,17,1435,252,1183,915,498,149,165,5,79,2673,772,391,93,18,22,7,1,4,26,4,1,647,275,258,925,b,Minority
22071008600,LA,Orleans Parish,Census Tract 86,55000,35380,99999,1,1599,6,1567,2,5,19,0,0,5,0,0,0,1,9,0,3,848,171,677,453,292,98,6,1,3,1564,404,283,19,8,4,2,1,0,5,0,0,360,156,117,560,b,Minority
22071000613,LA,Orleans Parish,Census Tract 6.13,55000,35380,99999,1,4630,978,3387,17,80,162,0,41,4,4,0,2,29,40,13,17,2378,295,2083,1280,801,507,978,53,576,3361,1084,180,162,33,31,15,1,2,76,8,6,992,447,296,1787,bw,White Black
22071006400,LA,Orleans Parish,Census Tract 64,55000,35380,99999,1,3193,831,1880,11,61,400,0,11,11,3,4,1,21,46,11,40,1451,176,1275,846,389,120,831,67,167,1868,559,143,400,89,72,3,1,2,55,12,4,713,244,447,828,wbha,Global
22071000606,LA,Orleans Parish,Census Tract 6.06,55000,35380,99999,1,4400,2665,1391,14,90,231,0,7,15,19,10,3,36,55,15,25,1641,48,1593,1111,923,397,2665,486,765,1361,401,114,231,67,25,7,0,1,82,17,14,1200,117,1494,99,wba,Semi global
22071001600,LA,Orleans Parish,Census Tract 16,55000,35380,99999,1,1604,4,1582,4,0,14,0,0,0,0,0,0,0,4,2,0,649,250,399,925,35,1,4,2,0,1572,831,35,14,7,0,4,2,0,0,0,0,346,276,13,386,b,Minority
22071009100,LA,Orleans Parish,Census Tract 91,55000,35380,99999,1,2569,654,1790,5,39,69,0,7,5,5,7,4,11,16,4,3,1498,261,1237,555,403,113,654,18,104,1773,461,287,69,11,5,2,0,0,31,3,2,485,185,297,940,bw,White Black
22071012600,LA,Orleans Parish,Census Tract 126,55000,35380,99999,1,1929,1410,342,8,55,105,0,5,20,5,7,8,3,16,13,16,1105,61,1044,245,247,106,1410,136,155,329,69,81,105,13,4,5,1,2,44,0,2,350,38,374,670,wba,Semi global
22071007800,LA,Orleans Parish,Census Tract 78,55000,35380,99999,1,1186,729,327,12,16,99,0,1,5,3,2,2,1,21,11,9,841,176,665,152,124,46,729,44,72,326,71,33,99,11,19,5,0,0,13,2,0,207,36,167,498,wbh,Semi global
22071005000,LA,Orleans Parish,Census Tract 50,55000,35380,99999,1,1666,415,911,12,12,313,0,2,3,0,2,0,4,37,13,28,799,125,674,434,260,116,415,36,103,892,264,98,313,74,57,7,2,1,10,1,0,361,129,154,520,wbh,Semi global
22071004800,LA,Orleans Parish,Census Tract 48,55000,35380,99999,1,2540,18,2500,1,0,21,0,1,0,0,0,0,0,11,0,5,915,85,830,1336,92,23,18,2,1,2489,1237,90,21,12,0,1,1,0,0,0,0,689,562,4,826,b,Minority
22071002700,LA,Orleans Parish,Census Tract 27,55000,35380,99999,1,2510,60,2353,12,8,75,2,1,0,0,0,0,5,3,3,0,1031,180,851,907,341,112,60,10,14,2340,770,306,75,15,15,8,0,3,8,2,2,566,265,220,631,b,Minority
22071005400,LA,Orleans Parish,Census Tract 54,55000,35380,99999,1,1636,1097,370,16,23,126,0,4,3,6,7,2,1,11,3,16,1077,160,917,239,252,120,1097,110,193,362,89,28,126,9,22,12,2,1,15,0,4,330,57,297,620,wbh,Semi global
22071001749,LA,Orleans Parish,Census Tract 17.49,55000,35380,99999,1,2727.999938,67.98753357,1293.887817,7.587894917,1294.191284,62.22073746,0,7.891410828,3.945705414,1.821094751,1.517578959,0.607031584,1258.072998,5.766799927,4.249220848,0.910547376,796.1219482,30.95861053,765.1633301,1053.806885,247.3653717,60.39964294,67.98753357,8.801958084,23.97774696,1284.782349,529.0280151,64.34534454,62.22073746,26.10235786,3.338673592,1.214063168,0,0.607031584,1280.533081,358.4521484,151.1508636,649.5238037,217.9243317,293.4997559,471.6635437,ba,Minority
22071005601,LA,Orleans Parish,Census Tract 56.01,55000,35380,99999,1,2926,2724,25,10,45,117,0,8,17,10,2,4,3,24,3,28,1444,87,1357,545,662,364,2724,447,624,22,4,4,117,21,26,6,0,0,32,7,3,811,79,929,428,w,White
22071013800,LA,Orleans Parish,Census Tract 138,55000,35380,99999,1,6427,73,6299,1,3,49,0,3,0,1,2,2,0,18,4,11,2249,229,2020,2849,622,268,73,7,20,6281,2543,592,49,20,7,1,0,0,3,1,0,1576,992,344,1676,b,Minority
22071000605,LA,Orleans Parish,Census Tract 6.05,55000,35380,99999,1,2902,876,1862,7,29,123,1,0,4,21,5,1,0,46,17,6,992,99,893,900,354,126,876,177,162,1832,574,176,123,28,8,3,1,0,24,7,4,683,140,451,442,bw,White Black
22071000603,LA,Orleans Parish,Census Tract 6.03,55000,35380,99999,1,2326.099118,39.72842407,1959.60437,2.979631662,106.2735291,210.5606384,0,14.89815807,0,0,0,0.993210554,94.35500336,9.932106018,7.945684433,7.945684433,971.3599243,304.9156494,666.4442749,996.1901855,124.1513214,29.79631615,39.72842407,4.966053009,11.91852665,1942.719849,805.4937744,67.53831482,210.5606384,53.63336945,37.74200058,1.986421108,1.986421108,0,105.2803192,28.80310631,5.959263325,540.3065186,300.9428101,168.8457947,497.5984802,bha,Minority
22071010800,LA,Orleans Parish,Census Tract 108,55000,35380,99999,1,1449,1213,136,10,24,53,0,9,4,0,2,1,0,14,5,8,796,61,735,232,219,89,1213,161,180,135,25,34,53,13,4,4,1,0,18,4,0,323,21,394,341,bw,White Black
22071010700,LA,Orleans Parish,Census Tract 107,55000,35380,99999,1,1849,1047,677,6,43,69,0,14,4,7,9,2,4,15,7,3,1124,148,976,236,266,115,1047,65,120,662,118,126,69,5,16,0,0,0,26,2,0,368,64,374,602,wba,Semi global
22071001748,LA,Orleans Parish,Census Tract 17.48,55000,35380,99999,1,4716.000166,782.3752441,3501.515625,17.74223328,331.9514771,64.6733017,0,30.33349609,16.59757423,16.02524376,4.00631094,3.433980703,269.5674744,7.440291405,1.716990352,10.30194187,1682.078247,56.0883522,1625.989868,1306.629639,684.5068359,242.6679688,782.3752441,66.9626236,362.2849731,3455.156982,919.1621704,274.1461182,64.6733017,20.03155327,13.73592281,14.30825329,5.723300934,4.578640938,321.0772095,91.57281494,19.4592247,1256.836914,184.2902985,1440.554932,185.4349518,wba,Semi global
22071011100,LA,Orleans Parish,Census Tract 111,55000,35380,99999,1,2446,329,2045,12,12,44,3,3,1,0,1,4,1,13,1,1,1085,183,902,619,390,159,329,39,49,2022,487,335,44,8,1,9,2,2,12,3,1,546,188,319,583,bw,White Black
22071000200,LA,Orleans Parish,Census Tract 2,55000,35380,99999,1,1347,184,1112,9,14,24,0,1,0,1,0,0,12,4,0,4,691,195,496,417,192,55,184,19,38,1102,333,147,24,5,4,5,2,0,14,6,0,304,102,230,266,bw,White Black
22071013400,LA,Orleans Parish,Census Tract 134,55000,35380,99999,1,1794,991,603,9,116,58,1,40,30,1,12,12,6,13,4,2,1173,252,921,89,405,138,991,18,209,590,51,180,58,0,10,6,0,0,107,6,3,174,8,214,707,wba,Semi global
22071008800,LA,Orleans Parish,Census Tract 88,55000,35380,99999,1,1967,651,1224,7,7,71,0,1,1,2,2,0,1,12,2,8,968,133,835,523,227,76,651,41,101,1203,391,115,71,12,8,5,0,1,5,0,0,403,142,289,546,bw,White Black
22071009200,LA,Orleans Parish,Census Tract 92,55000,35380,99999,1,1950,30,1907,5,1,7,0,1,0,0,0,0,0,1,3,0,1023,206,817,582,330,113,30,2,1,1902,524,322,7,0,5,5,0,2,1,0,0,419,204,191,626,b,Minority
22071003702,LA,Orleans Parish,Census Tract 37.02,55000,35380,99999,1,4420.188084,944.18573,3279.172119,12.98879814,10.99052238,155.8655853,0.999138355,2.997415066,1.998276711,6.993968487,3.996553421,0,0,20.98190498,11.98966026,26.97673607,2190.111328,253.7811432,1936.330078,1127.028076,670.421814,210.8181915,944.18573,72.93710327,203.8242188,3256.191895,890.2322998,406.6493225,155.8655853,25.97759628,44.96122742,3.996553421,0,0.999138355,7.993106842,0,0,1050.09436,301.7397766,802.3081055,1134.021973,bw,White Black
22071011400,LA,Orleans Parish,Census Tract 114,55000,35380,99999,1,1842,1625,83,18,20,84,0,1,4,4,2,0,8,16,6,8,1122,91,1031,230,322,133,1625,165,292,80,18,8,84,7,17,12,0,0,15,2,2,405,41,461,570,w,White
22071001702,LA,Orleans Parish,Census Tract 17.02,55000,35380,99999,1,4387,1087,3039,15,123,105,0,6,4,12,0,89,17,12,6,7,1596,116,1480,1139,624,195,1087,237,220,3003,677,373,105,27,17,12,7,1,122,37,3,1147,165,1121,359,wba,Semi global
22071004000,LA,Orleans Parish,Census Tract 40,55000,35380,99999,1,2584,146.341396,2352.595024,8.01520387,4.00552868,69.03040774,0.00276434,1,1,1,0.00138217,2,0,5.00967519,0.00138217,6.00138217,1267.22322,253.3151348,1013.908086,695.479613,386.2861092,127.0774015,146.341396,8.00829302,24.04284727,2331.583967,577.4022115,343.2294402,69.03040774,21.00276434,11.00691085,7.01243953,1,3.00138217,4.00552868,0,0.00138217,568.3883898,231.14651,335.2142363,678.6938493,b,Minority
22071008400,LA,Orleans Parish,Census Tract 84,55000,35380,99999,1,1239,381,745,2,38,67,0,17,5,2,8,1,2,17,8,5,858,184,674,227,152,62,381,7,51,739,189,94,67,3,5,1,0,1,37,5,0,239,66,114,560,wba,Semi global
22071009000,LA,Orleans Parish,Census Tract 90,55000,35380,99999,1,1970,1757,60,14,24,100,2,5,3,3,3,5,1,6,7,7,1262,145,1117,208,444,136,1757,157,411,54,7,5,100,9,24,6,0,1,21,0,2,446,17,549,568,w,White
22071001401,LA,Orleans Parish,Census Tract 14.01,55000,35380,99999,1,3171,12,3130,1,2,26,0,1,1,0,0,0,0,3,0,7,1442,253,1189,828,709,226,12,1,4,3118,719,692,26,8,8,1,0,0,1,0,0,823,240,695,494,b,Minority
22071012900,LA,Orleans Parish,Census Tract 129,55000,35380,99999,1,1572,717,756,5,15,72,1,1,4,1,0,0,9,8,5,5,895,97,798,267,288,110,717,56,122,748,160,156,72,9,6,0,0,0,14,2,1,310,67,305,493,bw,White Black
22071013500,LA,Orleans Parish,Census Tract 135,55000,35380,99999,1,2450,2195,126,20,33,62,1,5,8,5,3,3,1,16,4,6,2958,1188,1770,69,487,137,2195,45,454,124,12,13,62,1,7,13,0,1,28,2,9,285,20,332,1438,bw,White Black
22071008200,LA,Orleans Parish,Census Tract 82,55000,35380,99999,1,1886,1137,486,8,48,183,1,10,7,2,8,1,9,40,6,10,1288,156,1132,193,389,209,1137,32,316,454,109,47,183,27,22,4,0,1,36,6,1,266,60,240,892,wbha,Global
22071005603,LA,Orleans Parish,Census Tract 56.03,55000,35380,99999,1,1843,1708,27,4,13,85,0,3,3,2,2,3,0,18,2,20,964,76,888,357,336,168,1708,296,318,24,6,0,85,10,17,2,0,0,9,0,1,470,44,516,372,w,White
22071012102,LA,Orleans Parish,Census Tract 121.02,55000,35380,99999,1,3310,2693,235,26,148,189,0,33,33,11,11,14,19,39,31,20,656,68,588,186,174,66,2693,128,158,194,4,7,189,12,6,9,0,0,108,6,1,214,11,235,353,wba,Semi global
22071000903,LA,Orleans Parish,Census Tract 9.03,55000,35380,99999,1,2646.094089,3.058159355,2632.975242,4.002528668,0.002528668,5.04298735,0,0,0,0,0,0.002528668,0,0.002528668,1.002528668,1,1091.46798,157.4551602,934.0128195,811.0001762,490.1252571,168.4020582,3.058159355,1.005057335,0.025286676,2626.944898,715.780182,487.0822698,5.04298735,0.025286676,1.007586003,3.002528668,1.002528668,1,0.002528668,0,0,654.4792706,224.5588356,525.0721551,408.9406644,b,Minority
22071000602,LA,Orleans Parish,Census Tract 6.02,55000,35380,99999,1,2957,423,2419,8,12,85,0,1,0,4,0,3,5,5,11,7,1106,95,1011,870,464,163,423,42,183,2408,697,266,85,17,10,6,2,0,8,1,0,735,216,657,354,bw,White Black
22071001736,LA,Orleans Parish,Census Tract 17.36,55000,35380,99999,1,4258,91,4084,9,19,46,0,11,0,2,3,0,5,6,10,2,1764,240,1524,1514,329,153,91,14,38,4071,1353,287,46,17,1,4,0,0,18,0,2,1039,493,275,1249,b,Minority
22071013100,LA,Orleans Parish,Census Tract 131,55000,35380,99999,1,2156,23,2081,3,4,36,0,1,0,0,0,0,3,10,1,6,888,155,733,736,332,112,23,5,3,2071,639,314,36,8,8,3,0,1,4,1,1,510,218,282,451,b,Minority
22071002401,LA,Orleans Parish,Census Tract 24.01,55000,35380,99999,1,2175,336,1773,4,11,46,0,4,0,1,1,0,4,12,3,13,890,43,847,555,375,144,336,25,147,1766,445,220,46,8,6,4,1,2,9,3,0,560,124,610,237,bw,White Black
22071003301,LA,Orleans Parish,Census Tract 33.01,55000,35380,99999,1,2818,1878,681,6,96,142,0,27,31,1,3,3,15,19,6,28,1306,47,1259,552,784,400,1878,294,626,673,165,107,142,16,35,1,0,1,84,19,11,758,68,1012,247,wba,Semi global
22071006500,LA,Orleans Parish,Census Tract 65,55000,35380,99999,1,3312,1171,1470,17,70,568,0,10,2,3,4,2,17,45,20,35,1623,209,1414,793,471,156,1171,92,251,1449,461,117,568,108,95,7,0,2,55,12,3,720,207,391,1023,wbha,Global
22071011500,LA,Orleans Parish,Census Tract 115,55000,35380,99999,1,1692,1446,150,11,26,54,0,2,3,2,9,3,3,12,7,13,824,77,747,264,339,146,1446,212,255,143,8,72,54,11,6,4,2,0,20,2,1,339,17,401,346,bw,White Black
22071001301,LA,Orleans Parish,Census Tract 13.01,55000,35380,99999,1,3022,348,2609,6,8,49,0,0,1,6,1,0,1,10,2,5,1289,224,1065,976,380,122,348,28,94,2592,830,268,49,5,12,4,0,1,6,0,1,689,273,458,607,b,Minority
22071001100,LA,Orleans Parish,Census Tract 11,55000,35380,99999,1,2892,586,2142,12,25,123,0,2,2,8,0,0,8,34,7,11,1432,238,1194,750,397,135,586,21,130,2136,615,226,123,17,33,9,2,2,24,8,5,640,240,451,743,bw,White Black
22071010300,LA,Orleans Parish,Census Tract 103,55000,35380,99999,1,3423,162,3174,4,8,69,0,8,0,4,0,0,3,14,2,1,1445,176,1269,936,689,248,162,15,61,3167,772,605,69,13,19,4,0,0,8,2,0,862,297,572,697,b,Minority
22071012000,LA,Orleans Parish,Census Tract 120,55000,35380,99999,1,1351,1165,99,7,19,60,0,2,7,1,7,3,3,4,5,9,721,71,650,249,285,102,1165,179,262,96,29,13,60,9,9,0,0,0,13,0,1,325,27,434,216,bw,White Black
22071012500,LA,Orleans Parish,Census Tract 125,55000,35380,99999,1,1772,977,655,5,50,74,0,6,29,7,3,0,3,6,11,7,1111,144,967,253,367,205,977,76,227,650,125,132,74,8,4,1,0,1,47,11,0,356,66,368,599,wba,Semi global
22071001744,LA,Orleans Parish,Census Tract 17.44,55000,35380,99999,1,5181.999806,291.4052429,4706.978027,6.893457413,69.56124878,66.42786407,0,20.05369377,11.28020287,3.760067463,0,0,25.69379425,16.29362679,10.02684689,6.893457413,1903.847534,65.17450714,1838.673096,1696.417114,409.2207031,107.1619263,291.4052429,20.05369377,122.8288727,4671.883789,1446.99939,262.578064,66.42786407,14.41359234,10.02684689,5.013423443,0,0,63.29447174,15.66694832,8.146813393,1351.744263,478.1552734,558.9967041,1279.676392,b,Minority
22071001723,LA,Orleans Parish,Census Tract 17.23,55000,35380,99999,1,5564,900,4467,12,46,132,0,7,2,4,4,0,30,13,6,22,2048,85,1963,1604,913,343,900,71,483,4445,1267,385,132,26,36,10,1,1,45,15,2,1456,288,1671,292,bw,White Black
22071005602,LA,Orleans Parish,Census Tract 56.02,55000,35380,99999,1,3160,3011,8,9,33,85,0,5,6,6,0,10,2,18,9,5,1490,69,1421,664,747,421,3011,558,731,7,0,0,85,10,13,3,0,0,25,10,1,857,86,1046,375,w,White
22071013900,LA,Orleans Parish,Census Tract 139,55000,35380,99999,1,1490,749,628,9,22,79,0,6,6,1,6,1,0,14,12,0,1078,272,806,193,401,197,749,27,286,622,133,101,79,9,10,8,0,0,21,0,0,225,53,56,750,bw,White Black
22071002300,LA,Orleans Parish,Census Tract 23,55000,35380,99999,1,3725,164,3425,6,1,121,0,0,2,3,0,0,0,17,5,12,1579,232,1347,1024,578,169,164,10,64,3393,864,481,121,26,21,2,0,0,1,0,0,907,277,728,619,b,Minority
22071000300,LA,Orleans Parish,Census Tract 3,55000,35380,99999,1,1468,78,1374,0,2,12,0,0,0,2,0,0,0,5,0,0,719,160,559,454,241,82,78,5,39,1366,388,196,12,3,3,0,0,0,2,0,0,363,145,275,284,b,Minority
22071003307,LA,Orleans Parish,Census Tract 33.07,55000,35380,99999,1,1689,43,1616,2,5,13,0,4,0,0,0,0,0,3,0,0,702,35,667,403,373,106,43,2,23,1605,343,341,13,5,2,1,0,0,4,2,0,465,117,446,221,b,Minority
22071002800,LA,Orleans Parish,Census Tract 28,55000,35380,99999,1,2081.600439,8.985325813,2003.727661,1.99673903,3.99347806,56.90706253,0,0,0,0.998369515,0,0,0,16.97228241,3.99347806,1.99673903,1022.330383,157.7423859,864.5880127,581.0510864,431.2956238,159.7391205,8.985325813,2.995108604,0.998369515,1993.743896,490.1994324,418.3168335,56.90706253,13.97717285,4.991847515,1.99673903,0,0.998369515,3.99347806,0,0,521.1488647,188.6918335,271.5565186,593.0314941,b,Minority
22071013000,LA,Orleans Parish,Census Tract 130,55000,35380,99999,1,1993,475,1460,4,21,31,0,1,10,4,1,1,4,6,2,2,941,115,826,520,288,97,475,38,53,1450,402,229,31,4,4,1,0,0,17,5,0,444,152,335,491,bw,White Black
22071014500,LA,Orleans Parish,Census Tract 145,55000,35380,99999,1,6077.999973,554.4337769,5279.104004,8.787855148,67.10725403,166.1703491,0,19.17350197,11.98343849,0.798895895,0.798895895,0.798895895,11.98343849,67.90615082,0.798895895,7.988958836,516.086731,72.69952393,443.387207,369.8887939,183.7460632,48.73265076,554.4337769,6.391167164,37.54810715,5268.718262,235.6742859,131.8178253,166.1703491,10.38564682,11.98343849,8.787855148,0,0,67.10725403,0,0,220.4952698,82.28627777,87.07965088,356.3075562,b,Minority
22071001743,LA,Orleans Parish,Census Tract 17.43,55000,35380,99999,1,3086.999947,173.5947418,2804.021729,4.106542587,41.43874741,39.57213593,0,11.94630527,6.719796658,2.239932299,0,0,15.30620384,9.706373215,5.973152637,4.106542587,1134.152344,38.82549286,1095.326904,1010.582764,243.7792969,63.83806992,173.5947418,11.94630527,73.17111969,2783.115723,862.0006104,156.421936,39.57213593,8.586406708,5.973152637,2.986576319,0,0,37.70552444,9.333050728,4.853186607,805.2556152,284.8447266,333.0032654,762.3236084,b,Minority
22071014300,LA,Orleans Parish,Census Tract 143,55000,35380,99999,1,3449,7,3418,2,3,19,0,2,0,0,0,0,1,3,2,5,1587,246,1341,1345,453,173,7,5,0,3407,1193,447,19,4,3,2,0,1,3,2,1,851,516,108,1233,b,Minority
22071012200,LA,Orleans Parish,Census Tract 122,55000,35380,99999,1,2187.000043,1695.898193,218.6001892,2.994523048,135.751709,118.782753,0,22.95800972,38.92879868,0.998174369,20.96166229,23.95618439,18.96531296,22.95800972,6.987220764,8.983569145,1000.170715,71.86855316,928.3021851,363.3354797,317.4194641,134.75354,1695.898193,260.5234985,274.4979553,214.6074829,37.93062592,31.94157982,118.782753,8.983569145,5.989046097,0.998174369,0,0,126.7681427,13.97444153,1.996348739,481.1200562,37.93062592,581.9356689,346.3665161,wba,Semi global
22071013600,LA,Orleans Parish,Census Tract 136,55000,35380,99999,1,1502,249,1213,2,2,28,0,1,0,0,0,0,0,4,3,0,675,120,555,461,180,50,249,16,71,1209,376,98,28,2,11,1,0,0,1,0,0,337,141,228,327,bw,White Black
22071005604,LA,Orleans Parish,Census Tract 56.04,55000,35380,99999,1,1946,1829,18,2,11,77,1,0,3,4,0,0,0,15,6,14,907,49,858,451,424,231,1829,390,403,17,4,1,77,12,20,1,1,0,9,2,0,519,35,652,206,w,White
22071001701,LA,Orleans Parish,Census Tract 17.01,55000,35380,99999,1,2630,17,2559,7,3,22,0,0,0,2,1,0,0,5,5,0,1046,37,1009,541,947,365,17,0,7,2542,454,911,22,3,3,7,1,0,3,0,3,736,114,929,80,b,Minority
22071001734,LA,Orleans Parish,Census Tract 17.34,55000,35380,99999,1,1760,1660,38,3,40,18,0,0,0,4,3,0,33,5,1,0,1187,399,788,239,479,129,1660,181,462,36,10,4,18,3,8,0,0,0,38,10,3,532,20,711,77,wa,Single immig
22071013700,LA,Orleans Parish,Census Tract 137,55000,35380,99999,1,4451,133,4241,6,13,54,0,9,2,1,1,2,2,6,5,4,2036,449,1587,1365,657,233,133,15,41,4216,1166,597,54,13,9,4,0,1,13,0,1,1125,442,697,890,b,Minority
22071000601,LA,Orleans Parish,Census Tract 6.01,55000,35380,99999,1,2034,10,2020,1,0,2,0,0,0,0,0,0,0,2,0,0,704,198,506,1120,124,34,10,4,4,2016,1006,119,2,2,0,1,0,1,0,0,0,425,320,61,445,b,Minority
22071004600,LA,Orleans Parish,Census Tract 46,55000,35380,99999,1,2812.000029,2303.180908,278.9008179,11.99573421,45.98364639,147.9473877,0.999644518,9.996444702,5.997867107,11.99573421,6.997511864,4.998222351,5.997867107,20.99253464,9.996444702,19.9928894,1696.396729,131.9530792,1564.443726,396.8588867,408.8546143,175.937439,2303.180908,258.9079285,352.8745117,264.9057922,61.97795868,24.99111366,147.9473877,24.99111366,20.99253464,1.999289036,0,0,39.98577881,2.998933554,4.998222351,579.7938232,79.97155762,657.7661133,906.6775513,bw,White Black
22071009600,LA,Orleans Parish,Census Tract 96,55000,35380,99999,1,1610,543,985,10,5,66,0,0,1,2,2,0,0,3,12,8,836,130,706,350,220,74,543,30,92,980,249,118,66,14,9,9,2,1,3,0,0,348,100,300,406,bw,White Black
22071011200,LA,Orleans Parish,Census Tract 112,55000,35380,99999,1,1534,879,539,10,26,68,0,8,5,2,0,3,0,10,2,3,725,44,681,309,200,91,879,117,125,531,122,59,68,13,10,7,0,0,14,3,1,365,63,361,320,bw,White Black
22071003500,LA,Orleans Parish,Census Tract 35,55000,35380,99999,1,1861,66,1750,2,1,33,0,0,1,1,0,0,0,9,1,1,933,139,794,472,426,186,66,2,14,1731,402,387,33,7,8,2,0,1,0,0,0,417,139,261,533,b,Minority
22071001735,LA,Orleans Parish,Census Tract 17.35,55000,35380,99999,1,5338,102,5124,15,18,74,0,3,9,4,1,0,9,25,9,1,2222,168,2054,1676,278,61,102,5,18,5083,1459,254,74,22,4,11,4,0,18,4,0,1338,513,577,1477,b,Minority
22071012800,LA,Orleans Parish,Census Tract 128,55000,35380,99999,1,2676,1767,650,17,107,115,0,40,20,7,7,3,24,28,11,5,1249,109,1140,369,671,464,1767,157,534,634,122,116,115,17,18,11,2,0,94,12,1,488,69,470,670,wba,Semi global
22071003000,LA,Orleans Parish,Census Tract 30,55000,35380,99999,1,1972,19,1930,4,0,7,0,0,1,0,3,0,0,3,0,0,912,138,774,610,380,140,19,4,4,1913,544,361,7,2,2,3,0,2,0,0,0,485,179,312,462,b,Minority
22071011900,LA,Orleans Parish,Census Tract 119,55000,35380,99999,1,1764,1550,36,9,62,95,0,14,18,4,6,7,4,17,8,15,826,49,777,277,202,94,1550,215,192,30,2,1,95,20,6,7,0,0,54,2,3,332,21,385,392,wa,Single immig
22071001739,LA,Orleans Parish,Census Tract 17.39,55000,35380,99999,1,3232,146,2981,3,48,49,0,1,4,2,1,1,36,17,2,5,1350,42,1308,866,437,73,146,15,55,2956,711,370,49,6,5,3,2,0,44,14,3,835,218,539,769,b,Minority
22071001751,LA,Orleans Parish,Census Tract 17.51,55000,35380,99999,1,1883,269,1454,4,64,82,0,32,0,5,0,0,30,26,0,8,772,155,617,503,461,267,269,22,130,1442,397,310,82,16,16,2,2,0,63,18,0,357,168,170,447,wba,Semi global
22071009700,LA,Orleans Parish,Census Tract 97,55000,35380,99999,1,1610,453,1089,4,10,51,0,10,1,1,6,1,0,6,1,2,795,115,680,412,227,70,453,29,82,1073,314,139,51,13,3,4,2,1,8,3,0,361,117,294,386,bw,White Black
22071000615,LA,Orleans Parish,Census Tract 6.15,55000,35380,99999,1,2961.000024,1524.368164,1134.386475,25.12269974,118.2699432,152.2822113,0.386503071,17.77914047,11.2085886,10.43558311,0,1.546012282,76.14110565,37.10429382,14.68711662,14.68711662,1281.644165,154.9877319,1126.656494,810.4969482,479.6502991,181.6564484,1524.368164,294.5153503,393.0736084,1120.472412,349.0122681,50.63190079,152.2822113,35.94478607,20.48466301,18.55214691,4.638036728,0.773006141,106.6748505,26.66871262,12.36809826,744.0184326,140.3006134,604.8773193,521.7791748,wba,Semi global
22071001800,LA,Orleans Parish,Census Tract 18,55000,35380,99999,1,1519,1079,279,20,20,107,0,1,5,8,3,4,4,31,3,13,1046,134,912,131,229,72,1079,25,177,264,69,24,107,7,19,13,0,1,15,0,1,201,37,363,549,wbh,Semi global
22071001722,LA,Orleans Parish,Census Tract 17.22,55000,35380,99999,1,7005,308,6569,10,8,92,0,0,1,4,3,0,2,22,9,1,2695,242,2453,2041,1205,361,308,29,134,6516,1709,1032,92,25,18,3,1,0,5,0,1,1796,560,1409,1044,b,Minority
22071003302,LA,Orleans Parish,Census Tract 33.02,55000,35380,99999,1,4165,663,3340,11,26,120,1,17,5,0,4,0,9,19,8,7,1580,82,1498,994,861,313,663,78,279,3301,739,522,120,18,41,2,0,0,26,5,7,1134,207,1349,149,bw,White Black
22071004401,LA,Orleans Parish,Census Tract 44.01,55000,35380,99999,1,2320,40,2226,9,1,29,1,0,0,1,0,0,0,6,0,1,1173,302,871,779,357,134,40,1,7,2220,672,340,29,6,4,9,7,0,1,0,0,538,246,252,619,b,Minority
22071011700,LA,Orleans Parish,Census Tract 117,55000,35380,99999,1,3019,2808,64,5,48,85,0,13,16,8,5,2,5,13,8,16,1343,82,1261,657,573,197,2808,548,548,61,16,4,85,9,15,2,1,0,42,3,3,760,30,840,421,w,White
22071001741,LA,Orleans Parish,Census Tract 17.41,55000,35380,99999,1,1711,131,1112,10,422,35,0,11,0,2,0,0,424,8,5,1,470,10,460,550,206,78,131,6,70,1093,312,104,35,10,6,0,0,0,412,129,23,389,71,439,21,ba,Minority
22071013301,LA,Orleans Parish,Census Tract 133.01,55000,35380,99999,1,3615,3388,28,5,84,98,0,12,31,12,8,16,3,8,9,27,1642,99,1543,852,1062,558,3388,684,1015,23,4,2,98,15,30,3,1,0,75,24,8,1056,61,1322,221,wa,Single immig
22071014000,LA,Orleans Parish,Census Tract 140,55000,35380,99999,1,2808,26,2732,2,6,22,0,2,2,0,0,0,1,6,1,0,1450,428,1022,1111,399,116,26,3,1,2726,960,393,22,8,2,1,0,0,6,1,1,579,384,99,923,b,Minority
22071004500,LA,Orleans Parish,Census Tract 45,55000,35380,99999,1,3141,285,2737,8,6,98,0,5,0,0,0,2,2,19,1,3,1428,154,1274,1001,365,102,285,22,46,2729,846,301,98,26,13,7,0,2,5,0,0,725,304,359,915,b,Minority
22071010200,LA,Orleans Parish,Census Tract 102,55000,35380,99999,1,2696,139,2467,1,14,71,0,7,2,6,0,0,2,5,4,19,1187,164,1023,799,470,158,139,10,21,2458,668,433,71,20,13,1,0,0,14,1,1,654,246,351,672,b,Minority
22071010900,LA,Orleans Parish,Census Tract 109,55000,35380,99999,1,3383,1599,1615,17,35,112,0,4,12,12,2,3,3,20,5,16,1680,158,1522,696,484,187,1599,180,207,1605,422,262,112,10,11,9,2,0,34,4,0,755,171,634,888,bw,White Black
22071012700,LA,Orleans Parish,Census Tract 127,55000,35380,99999,1,2509,1287,1073,10,36,94,0,5,7,4,9,4,4,17,12,10,1261,123,1138,522,301,101,1287,157,121,1067,287,171,94,15,7,6,0,1,28,4,0,533,130,481,657,bw,White Black
22071001737,LA,Orleans Parish,Census Tract 17.37,55000,35380,99999,1,4099,583,3409,6,19,60,0,1,1,3,9,0,7,16,9,2,1636,72,1564,1289,353,101,583,79,182,3377,1054,161,60,14,3,6,2,0,12,2,0,1081,345,687,877,bw,White Black
22071002503,LA,Orleans Parish,Census Tract 25.03,55000,35380,99999,1,2035,847,1054,3,11,88,0,1,1,1,2,6,1,3,5,41,896,43,853,511,336,169,847,120,254,1038,297,55,88,19,20,1,0,0,8,1,1,544,96,670,183,bw,White Black
22071001746,LA,Orleans Parish,Census Tract 17.46,55000,35380,99999,1,6241.000155,350.9780941,5735.584579,10.84863973,33.85943222,82.14047241,0,5.643238544,3.135132551,10.65945053,0,0,20.06484795,18.81079483,6.89729166,3.762158871,1954.452439,98.57288837,1855.87952,2258.927939,436.6428957,131.1998959,350.9780941,40.50807428,95.69721889,5700.470809,1875.436279,317.5564833,82.14047241,26.33511353,8.778370857,7.086480856,3.135132551,0.189189196,32.6053772,2.508105993,8.151344299,1579.360843,515.4157715,1238.069237,617.8102829,b,Minority
22071003701,LA,Orleans Parish,Census Tract 37.01,55000,35380,99999,1,2154.811941,765.8142596,1293.827936,13.01120145,10.00947815,59.13441744,0.00086165,0.002584951,0.001723301,3.006031552,2.003446601,0,1,11.01809466,12.0103398,9.023264559,1124.888738,78.21885918,1046.669878,343.9719416,683.5781674,375.1818082,765.8142596,29.06290048,437.1757767,1289.808118,250.7677305,215.3506917,59.13441744,10.02240291,14.03877427,7.003446601,1,3.00086165,7.006893203,2,0,500.9055945,86.26021841,498.6919052,547.9779731,bw,White Black
22071010000,LA,Orleans Parish,Census Tract 100,55000,35380,99999,1,2355,239,2060,5,17,32,0,17,3,3,0,0,0,10,4,1,1271,297,974,644,351,138,239,18,33,2042,548,304,32,0,9,4,0,1,16,1,0,527,213,261,713,b,Minority
22071002502,LA,Orleans Parish,Census Tract 25.02,55000,35380,99999,1,3099,287,2682,13,22,81,0,11,5,2,2,0,3,12,0,22,1251,96,1155,809,571,203,287,28,136,2647,660,397,81,13,15,6,0,1,20,0,2,823,215,830,325,b,Minority
22071002402,LA,Orleans Parish,Census Tract 24.02,55000,35380,99999,1,3707,565,2998,2,16,101,0,0,2,7,6,0,3,12,6,23,1609,126,1483,1038,530,220,565,36,241,2966,829,250,101,21,25,1,0,0,14,1,6,971,275,865,618,bw,White Black
22071001745,LA,Orleans Parish,Census Tract 17.45,55000,35380,99999,1,3764.000141,229.0219364,3442.415909,7.15136075,20.14057159,48.8595314,0,3.356761694,1.864867687,6.340549946,0,0,11.93515301,11.18920612,4.102708817,2.237841129,1169.547684,61.42711544,1108.120602,1345.072305,288.3571358,94.80011177,229.0219364,25.49192762,65.30278492,3421.529434,1115.563843,208.4435158,48.8595314,15.66488838,5.22162962,4.913519621,1.864867687,0.810810804,19.3946228,1.491894126,4.848655701,943.6392179,306.5842285,739.9308243,368.1897476,b,Minority
22071001900,LA,Orleans Parish,Census Tract 19,55000,35380,99999,1,2524,164,2171,12,10,160,0,2,2,9,0,0,1,7,15,19,1126,187,939,796,398,139,164,9,72,2156,667,284,160,32,35,6,2,1,9,0,3,564,236,288,651,bh,Minority
22071001724,LA,Orleans Parish,Census Tract 17.24,55000,35380,99999,1,5642,1196,4272,9,37,94,0,9,4,3,7,0,4,17,2,4,2158,99,2059,1483,945,428,1196,103,501,4236,1157,399,94,19,19,6,1,2,26,2,7,1481,350,1272,787,bw,White Black
22071014400,LA,Orleans Parish,Census Tract 144,55000,35380,99999,1,1816,728,971,10,21,72,1,6,1,5,0,3,3,17,4,5,996,133,863,385,272,96,728,59,136,957,266,128,72,12,8,9,2,0,20,6,0,394,110,332,531,bw,White Black
22071007605,LA,Orleans Parish,Census Tract 76.05,55000,35380,99999,1,1773,57.09121976,1687.868559,0.001445846,1.011041009,27.02733964,0,4.003154574,0.001971609,0.000131441,0.000131441,0.000131441,0.001971609,8.011172449,0.000131441,0.001314406,747.0849106,79.01196109,668.0729495,498.060857,305.0302313,109.0080179,57.09121976,13.00105152,6.006177708,1681.866851,423.038775,296.0216877,27.02733964,4.001708728,3.001971609,0.001445846,0,0,1.011041009,0,0,445.0362776,153.0135384,281.014327,387.0586225,b,Minority
22071014100,LA,Orleans Parish,Census Tract 141,55000,35380,99999,1,2957,124,2760,10,5,58,0,0,2,0,0,0,1,17,2,1,1429,595,834,1291,216,56,124,16,26,2752,1101,178,58,14,6,6,2,0,4,0,2,608,404,86,748,b,Minority
22071000607,LA,Orleans Parish,Census Tract 6.07,55000,35380,99999,1,3746,2873,630,16,80,140,0,7,27,12,2,0,37,28,7,11,1452,34,1418,962,831,275,2873,624,745,617,163,57,140,30,18,7,0,1,72,23,7,1085,87,1307,111,wba,Semi global
22071003800,LA,Orleans Parish,Census Tract 38,55000,35380,99999,1,1726,1554,64,15,30,46,0,8,1,7,2,3,8,14,12,3,1684,546,1138,47,410,151,1554,37,384,56,0,9,46,3,8,7,0,2,27,2,3,224,8,384,754,w,White
22071000611,LA,Orleans Parish,Census Tract 6.11,55000,35380,99999,1,4525,78,3739,5,656,45,0,9,5,8,0,0,634,18,3,2,1410,73,1337,1472,616,139,78,13,27,3735,1088,492,45,9,7,5,2,0,649,179,90,1103,347,893,444,ba,Minority
22071000400,LA,Orleans Parish,Census Tract 4,55000,35380,99999,1,2564,284,2190,9,16,59,0,3,0,12,0,0,1,11,2,13,1034,161,873,901,313,103,284,42,75,2176,717,231,59,19,2,6,2,0,14,0,3,633,237,440,433,b,Minority
22071005500,LA,Orleans Parish,Census Tract 55,55000,35380,99999,1,2908,2588,101,23,24,155,0,3,9,6,5,2,2,15,10,20,1551,81,1470,512,527,282,2588,375,487,93,25,8,155,36,25,4,0,1,18,0,2,704,92,821,649,w,White
22071001200,LA,Orleans Parish,Census Tract 12,55000,35380,99999,1,2204,1063,986,14,13,120,0,1,4,4,2,0,2,19,6,6,1293,224,1069,404,303,100,1063,55,169,977,271,104,120,21,27,7,0,0,7,0,0,390,117,411,658,bw,White Black
22071007606,LA,Orleans Parish,Census Tract 76.06,55000,35380,99999,1,4724,4276,83,14,88,243,0,25,42,5,1,10,1,36,10,55,2755,283,2472,743,1154,503,4276,601,1080,81,16,2,243,34,57,5,1,1,76,18,7,1169,114,1501,971,w,White
22071006300,LA,Orleans Parish,Census Tract 63,55000,35380,99999,1,2494,406,1654,20,38,373,2,1,2,9,0,0,23,25,6,20,1132,137,995,703,396,180,406,20,188,1642,488,146,373,87,53,10,3,0,31,2,5,539,177,226,769,wbh,Semi global
22071000100,LA,Orleans Parish,Census Tract 1,55000,35380,99999,1,2381,1605,603,19,30,111,0,0,6,11,8,1,4,31,6,6,1408,263,1145,445,316,112,1605,188,249,598,176,55,111,26,7,12,0,0,21,4,1,555,88,550,595,bw,White Black
22071003400,LA,Orleans Parish,Census Tract 34,55000,35380,99999,1,2008,184,1776,10,4,30,0,1,0,1,0,0,0,8,7,2,1067,214,853,562,316,111,184,6,22,1763,479,289,30,9,2,2,0,1,4,0,0,428,165,209,644,b,Minority
22071014200,LA,Orleans Parish,Census Tract 142,55000,35380,99999,1,2303,459,1725,8,7,95,0,1,2,0,3,1,0,12,1,6,1071,156,915,688,262,78,459,36,77,1715,564,170,95,17,14,5,0,1,5,0,0,501,192,366,549,bw,White Black
22071001402,LA,Orleans Parish,Census Tract 14.02,55000,35380,99999,1,3202,36,3128,2,1,34,0,1,0,0,0,0,0,4,3,1,1323,190,1133,993,558,157,36,3,17,3111,867,523,34,7,6,2,1,0,1,1,0,800,275,619,514,b,Minority
22071001730,LA,Orleans Parish,Census Tract 17.30,55000,35380,99999,1,2213,113,1844,7,168,64,0,15,19,1,3,0,136,6,11,5,906,70,836,721,75,16,113,13,12,1830,561,46,64,18,5,5,0,2,164,59,8,557,131,393,443,ba,Minority
22071006000,LA,Orleans Parish,Census Tract 60,55000,35380,99999,1,1266,406,648,3,189,15,0,44,87,14,1,2,41,2,1,3,499,99,400,206,112,33,406,14,22,639,167,85,15,0,2,3,0,0,187,5,3,171,51,47,353,wba,Semi global
22071004100,LA,Orleans Parish,Census Tract 41,55000,35380,99999,1,1720,1013,578,14,48,56,0,11,2,2,2,1,17,9,0,8,924,85,839,306,216,78,1013,102,137,569,152,66,56,8,5,11,2,1,40,0,5,357,62,381,458,wba,Semi global
22071007501,LA,Orleans Parish,Census Tract 75.01,55000,35380,99999,1,3100,74,2965,3,10,43,0,4,0,4,0,0,5,7,5,5,1426,187,1239,794,672,262,74,5,29,2939,673,627,43,10,11,1,1,0,8,0,1,813,251,771,468,b,Minority
22071007700,LA,Orleans Parish,Census Tract 77,55000,35380,99999,1,1628,825,695,5,35,66,0,11,9,4,6,4,1,12,11,7,1180,286,894,271,132,32,825,28,57,691,209,61,66,2,11,3,0,0,29,0,2,231,73,156,738,wba,Semi global
22071003600,LA,Orleans Parish,Census Tract 36,55000,35380,99999,1,2274,113,2086,2,3,55,0,6,2,2,1,0,0,13,8,5,986,169,817,660,471,239,113,3,72,2060,535,372,55,15,11,2,1,0,2,0,0,533,194,289,528,b,Minority
22071980100,LA,Orleans Parish,Census Tract 9801,55000,35380,99999,1,0.071427677,0.06298162,0.002340854,0.00060103,0.000727563,0.004365376,0,6.32663E-05,0,0.000537764,0,0,6.32663E-05,0.000885729,6.32663E-05,0.00069593,0.034511779,0.00310005,0.03141173,0.012020601,0.02211158,0.010470577,0.06298162,0.00860422,0.020529922,0.002214321,0.000664296,0.000379598,0.004365376,0.00069593,0.000948995,0.000411231,0.000158166,0,0.000284698,9.48995E-05,0.000126533,0.017651303,0.001866356,0.018631931,0.012779796,w,White
22071009900,LA,Orleans Parish,Census Tract 99,55000,35380,99999,1,3242,2400,605,10,57,151,0,12,13,10,9,3,4,24,10,11,1888,216,1672,257,795,409,2400,164,499,598,42,248,151,7,38,4,0,2,51,3,4,482,34,540,1132,bw,White Black
22071002600,LA,Orleans Parish,Census Tract 26,55000,35380,99999,1,1626,1205,296,10,22,83,0,3,3,5,5,2,1,23,9,17,1303,255,1048,113,363,124,1205,34,252,293,54,84,83,6,19,4,0,1,15,1,4,190,21,281,767,bw,White Black
22071003308,LA,Orleans Parish,Census Tract 33.08,55000,35380,99999,1,4782,402,4195,5,18,121,0,5,3,5,3,1,7,12,5,30,2048,106,1942,912,1178,433,402,13,215,4116,747,857,121,15,54,5,0,1,16,2,5,1116,261,1064,878,b,Minority
22071012400,LA,Orleans Parish,Census Tract 124,55000,35380,99999,1,1877,754.1017799,1044.399817,2.005476951,15.24828845,52.21725239,1,3.041989956,2.071200363,4.00182565,1.038338657,0.043815609,3.034687355,16.04198996,1.012779552,4.016430853,856.8293016,80.13144682,776.6978548,467.6645367,295.5805568,124.2464628,754.1017799,97.47649473,150.5020539,1034.392515,296.0693747,138.0584208,52.21725239,12.01643085,5.010953902,2.00182565,0,0,15.2318576,2.025559105,0.003651301,444.8799635,123.0693747,426.0643542,350.6335007,bw,White Black
22071000901,LA,Orleans Parish,Census Tract 9.01,55000,35380,99999,1,2737,13,2702,2,0,20,0,0,0,0,0,0,0,6,3,1,1122,152,970,845,505,174,13,1,4,2681,738,494,20,8,2,1,0,0,0,0,0,705,256,614,356,b,Minority
22071000618,LA,Orleans Parish,Census Tract 6.18,55000,35380,99999,1,3663.999959,1641.930298,1612.315308,15.05021858,200.5077515,172.8347626,0.485490918,45.15065384,11.65178204,33.01338196,5.825891018,6.311381817,90.7868042,41.26672745,31.55690956,15.53570938,1539.006226,119.4307632,1419.575439,1036.037598,325.2789001,89.3303299,1641.930298,309.2577209,225.2677917,1593.866699,500.5411377,75.251091,172.8347626,47.57810974,8.25334549,4.369418144,0.485490918,0.485490918,185.4575348,48.06360245,15.05021858,946.7072754,163.1249542,716.5845947,702.9908447,wba,Semi global
