TRTID10,state,county,tract,placefp10,cbsa10,metdiv10,ccflag10,POP00SF3,RUANC00,ITANC00,GEANC00,IRANC00,SCANC00,RUFB00,ITFB00,GEFB00,IRFB00,SCFB00,FB00,NAT00,N10IMM00,AG5UP00,OLANG00,LEP00,AG25UP00,HS00,COL00,AG15UP00,Mar-00,WDS00,CLF00,UNEMP00,DFLABF00,FLABF00,EMPCLF00,PROF00,MANUF00,SEMP00,AG18CV00,VET00,CNI16U00,DIS00,DPOV00,NPOV00,N65POV00,DFMPOV00,NFMPOV00,DWPOV00,NWPOV00,DBPOV00,NBPOV00,DNAPOV00,NNAPOV00,DHPOV00,NHPOV00,DAPOV00,NAPOV00,INCPC00,HU00SP,H30OLD00,OHU00SP,H10YRS00,DMULTI00,MULTI00,HINC00,HINCW00,HINCB00,HINCH00,HINCA00,MHMVAL00,MRENT00,HH00,HHW00,HHB00,HHH00,HHA00
22071000100,LA,Orleans Parish,Census Tract 1,55000,35380,99999,1,2409,23,167,191,157,24,0,9,0,4,0,128,58,49,2232,254,41,1721,595,547,1980,846,464,1419,52,1016,691,1367,532,85,191,1839,273,1694,368,2409,417,14,541,42,1524,90,643,287,17,4,165,13,32,23,24066,1407,1323,1148,979,1407,608,38750,40804,23750,61375,5000,139300,469,1080,822,196,39,4
22071000200,LA,Orleans Parish,Census Tract 2,55000,35380,99999,1,1463,0,17,27,23,0,0,0,0,23,0,31,9,0,1336,46,0,813,530,114,1083,266,378,511,81,573,231,430,120,56,39,982,60,821,336,1463,703,60,321,127,238,35,1189,645,0,0,0,0,0,0,9118,718,638,515,335,718,201,18646,32361,16200, , ,63500,305,525,99,420,0,0
22071000300,LA,Orleans Parish,Census Tract 3,55000,35380,99999,1,1324,0,17,0,0,0,0,0,0,0,0,0,0,0,1259,9,0,846,571,77,1060,277,330,472,79,570,262,393,64,43,12,987,142,863,331,1324,642,87,366,120,78,22,1227,601,0,0,0,0,0,0,12634,693,639,537,302,693,148,13164,20125,13426, , ,49700,286,599,47,538,0,0
22071000400,LA,Orleans Parish,Census Tract 4,55000,35380,99999,1,2632,0,45,8,17,0,0,0,0,0,0,70,45,25,2419,127,25,1435,882,162,1847,608,463,855,126,1014,476,729,227,63,53,1648,159,1518,512,2632,772,36,639,156,248,25,2301,736,0,0,64,17,25,0,11422,1056,917,884,589,1056,247,22028,48036,21821,7159,17500,74200,340,905,141,731,19,14
22071000601,LA,Orleans Parish,Census Tract 6.01,55000,35380,99999,1,1887,0,9,0,0,0,0,0,0,0,0,0,0,0,1649,23,0,671,601,29,1042,180,177,356,88,665,222,268,21,4,13,875,40,916,246,1883,1661,41,390,292,9,9,1860,1638,0,0,0,0,8,8,3280,683,615,487,287,683,597,5818,2499,5833, ,5000,51100,127,481,9,464,0,8
22071000602,LA,Orleans Parish,Census Tract 6.02,55000,35380,99999,1,3036,0,79,18,70,0,0,0,0,0,0,93,37,34,2811,150,0,1840,1219,180,2290,796,540,1093,143,1222,521,950,160,100,45,2148,243,1914,430,3036,1020,81,763,159,437,9,2485,980,0,0,77,13,12,5,9923,1105,814,1019,526,1105,176,23955,35341,22330,17361,32500,61900,357,1008,186,780,29,7
22071000603,LA,Orleans Parish,Census Tract 6.03,55000,35380,99999,1,2546.591861,0,0,0,0,0,0,0,7.945684433,0,0,178.7778931,120.1784744,38.73521042,2274.452148,205.5945892,34.76237106,1174.96814,912.760498,71.5111618,1598.075806,501.5713196,297.9631653,866.0795898,110.2463684,889.916626,501.5713196,755.833252,116.2056351,78.46363068,28.80310631,1442.141724,90.382164,1469.95166,438.0058594,2546.591861,1153.117432,21.85063171,603.8720093,250.2890625,33.76915741,15.89136887,2237.703369,1088.558716,35.7555809,0,175.7982635,26.81668472,54.62657928,7.945684433,7011.99999,994.2037354,630.6887207,688.2949219,547.2590332,994.2037354,635.6547852,17175.99932,38750,16366.00004,38000.0013,63750,36899.9999,313.0000046,723.057312,11.91852665,616.7837524,55.61978912,23.8370533
22071000604,LA,Orleans Parish,Census Tract 6.04,55000,35380,99999,1,4926.408087,8,87,138,118,29,0,0,0.054315403,0,0,358.2220966,96.82152045,121.2647876,4471.547784,470.405411,129.2376299,2821.03189,1573.239482,332.4888386,3683.924186,1540.42866,812.0368276,2335.920379,180.7536262,1999.083325,1253.42866,2155.166753,492.7943628,157.5363646,144.1968933,3336.858246,356.6178377,3053.048349,487.9941366,4926.408087,1334.882523,81.14936736,1235.127971,260.7109352,910.2308405,94.10863081,3555.296576,1148.44121,0.244419307,0,419.2017283,105.1833145,57.37341839,11.0543154,12525.91253,2083.796215,645.311285,1868.705072,1383.740973,2083.796215,1020.345232,27430.46888,30910.50639,25067.71284,35352.56981,63969.15979,64362.83977,430.6127203,1845.942702,424.0814731,1301.216233,87.38020784,25.16294621
22071000605,LA,Orleans Parish,Census Tract 6.05,55000,35380,99999,1,2902,0,35,121,138,11,0,0,0,0,0,82,42,26,2663,171,15,1715,872,302,2155,1136,386,855,66,971,463,789,134,67,46,1562,256,1399,297,2669,583,28,687,84,806,61,1736,517,0,0,59,0,38,0,13696,992,751,893,529,992,211,29760,39485,26929,37969, ,56500,413,897,351,509,21,0
22071000606,LA,Orleans Parish,Census Tract 6.06,55000,35380,99999,1,4400,9,223,379,241,23,0,18,9,0,0,205,175,31,4116,391,24,3080,993,1120,3510,1987,804,2152,55,1851,1081,2097,939,147,249,3274,463,2641,372,4214,164,39,1199,16,2517,83,1405,32,0,0,232,49,4,0,23366,1641,1144,1593,928,1641,12,56760,56000,58487,61094, ,108500,435,1585,1054,409,100,0
22071000607,LA,Orleans Parish,Census Tract 6.07,55000,35380,99999,1,3746,13,211,333,301,13,0,12,0,0,0,188,163,36,3525,293,20,2616,745,1040,2922,1903,510,1777,82,1592,874,1695,781,81,180,2742,445,2160,213,3734,213,25,1075,21,2860,95,638,104,13,0,151,14,74,0,24826,1452,1163,1418,610,1452,0,58801,60407,48750,22083,37500,119200,696,1413,1168,194,41,10
22071000611,LA,Orleans Parish,Census Tract 6.11,55000,35380,99999,1,4502,0,10,7,14,0,0,0,0,0,0,449,190,152,4126,563,209,2567,1711,201,3249,1310,712,1703,235,1756,861,1468,190,114,62,2971,354,2759,748,4479,1361,86,1096,264,103,9,3725,1139,42,26,64,0,541,174,8878,1398,620,1323,544,1398,337,25714,26750,26037,24821,25909.09091,62400,234,1314,29,1091,13,146
22071000612,LA,Orleans Parish,Census Tract 6.12,55000,35380,99999,1,1170,36,30,41,54,0,0,0,0,0,0,84,29,43,1090,105,20,779,146,464,877,649,85,533,7,449,257,526,361,29,175,827,110,765,116,1170,40,14,345,0,854,14,190,26,0,0,46,0,67,0,58868,430,57,389,291,430,0,146158,187144,47647,127308,47500,434300,525,387,295,64,9,13
22071000613,LA,Orleans Parish,Census Tract 6.13,55000,35380,99999,1,4630,21,9,102,118,35,0,0,26,0,11,160,125,50,4200,335,94,2823,1577,374,3526,1176,1056,1754,140,2045,959,1614,343,141,62,3385,364,2743,761,4314,1547,171,1064,309,710,172,3351,1288,57,0,162,72,32,13,12740,2378,749,2083,1809,2378,1979,16788,21435,16512,9615,26562.5,70700,389,2096,503,1528,46,11
22071000615,LA,Orleans Parish,Census Tract 6.15,55000,35380,99999,1,2961.000024,11.59509182,97.78527832,190.1595154,156.9202423,20.48466301,0,0,4.638036728,0,0,232.6748505,163.8773041,72.27607727,2756.539795,381.8650208,73.43558502,1830.478516,635.4110718,659.7607422,2274.184082,1123.177979,412.7852783,1431.607422,93.14723969,1212.073608,690.6809692,1338.460083,521.0061646,80.39263916,136.4355774,2122.28833,273.2576599,1833.957031,327.7546082,2910.754625,447.1840515,44.06135178,742.0858765,75.3680954,1476.055176,141.8466339,1108.877319,260.8895874,6.570552349,0,147.6441803,6.957055092,93.92024994,0,18576.00015,1281.644165,735.9018555,1126.656494,770.3005981,1281.644165,582.460144,39669.99876,51012.99987,29292.00078,35938.00018,51999.99828,106899.9976,416.9999764,1125.110474,602.5582886,416.6502991,53.72392654,27.05521584
22071000616,LA,Orleans Parish,Census Tract 6.16,55000,35380,99999,1,4700.000205,18.40490913,155.2147369,301.8405151,249.0797729,32.5153389,0,0,7.361963272,0,0,369.3251648,260.1227112,114.7239304,4375.460449,606.1350098,116.5644226,2905.521484,1008.588989,1047.239258,3609.816162,1782.822144,655.2147827,2272.392822,147.8527679,1923.926514,1096.319092,2124.540039,826.9938965,127.6073685,216.5644226,3368.711914,433.7423401,2911.042969,520.2454224,4620.2456,709.815979,69.93865204,1177.914185,119.6319046,2342.944824,225.1533813,1760.122803,414.1104431,10.42944813,0,234.355835,11.04294491,149.0797577,0,18576.00081,2034.355957,1168.098267,1788.343628,1222.699463,2034.355957,924.539917,39670,51012.9993,29291.99958,35938.00003,52000.0013,106899.9999,417.0000044,1785.889648,956.4417725,661.3497314,85.27607727,42.94478607
22071000617,LA,Orleans Parish,Census Tract 6.17,55000,35380,99999,1,3883.000041,5.145091057,95.18418121,211.4632263,235.1306458,29.32701683,0,0,16.46429062,11.83370876,6.174108982,309.2199707,153.8382111,83.8649826,3597.961914,431.1585999,59.16854477,2383.206055,511.9365234,1089.730225,2965.115723,1570.281738,480.0369873,1911.915771,122.4531631,1463.77832,999.1766357,1789.462646,965.7335205,110.1049423,188.8248291,2515.949463,421.3829346,2372.915771,302.5313416,3828.462078,375.5916443,5.145091057,1005.350769,57.62501526,1682.444702,63.79912567,1665.980347,237.7032013,36.53014374,4.630581856,189.3393402,32.41407394,209.9197083,58.65403366,29000.0003,1630.993774,200.6585388,1504.424561,1258.489258,1630.993774,846.3674316,51182.00037,58438.00075,39328.99883,51749.99949,35555.55507,161399.9999,505.9999968,1500.308472,764.5604858,585.5113525,60.19756317,69.97323608
22071000618,LA,Orleans Parish,Census Tract 6.18,55000,35380,99999,1,3663.999959,4.854908943,89.81581879,199.5367737,221.8693542,27.67298317,0,0,15.53570938,11.16629124,5.825891018,291.7800293,145.1617889,79.1350174,3395.038086,406.8414001,55.83145523,2248.793945,483.0634766,1028.269775,2797.884277,1481.718262,452.9630127,1804.084229,115.5468369,1381.22168,942.8233643,1688.537354,911.2664795,103.8950577,178.1751709,2374.050537,397.6170654,2239.084229,285.4686584,3612.537922,354.4083557,4.854908943,948.649231,54.37498474,1587.555298,60.20087433,1572.019653,224.2967987,34.46985626,4.369418144,178.6606598,30.58592796,198.0802917,55.34596634,28999.99968,1539.006226,189.3414612,1419.575439,1187.510742,1539.006226,798.6325684,51181.9996,58437.99921,39329.00124,51750.00054,35555.55607,161400.0001,506.0000034,1415.691528,721.4395142,552.4886475,56.80243683,66.02676392
22071000701,LA,Orleans Parish,Census Tract 7.01,55000,35380,99999,1,3278,0,6,0,0,0,0,0,0,0,0,0,0,0,3046,66,8,1997,1384,139,2481,698,856,1280,182,1314,655,1098,189,108,37,2324,325,1947,454,3252,995,166,823,160,18,6,3225,980,0,0,0,0,0,0,9540,1270,1126,1137,525,1270,345,22399, ,22399, , ,51900,269,1137,0,1137,0,0
22071000702,LA,Orleans Parish,Census Tract 7.02,55000,35380,99999,1,3009,0,64,19,8,21,0,0,0,0,7,106,53,47,2800,142,30,1790,1098,151,2314,855,686,1101,169,1251,547,932,222,33,77,2100,225,1727,477,2921,771,148,705,141,392,129,2357,616,31,8,136,36,17,7,11538,1319,1012,1109,817,1319,560,19671,11027,21250,22250,5000,56500,324,1159,231,884,41,7
22071000800,LA,Orleans Parish,Census Tract 8,55000,35380,99999,1,2498,0,0,7,0,0,0,0,0,0,0,0,0,0,2258,35,15,1335,883,130,1762,652,405,926,112,994,512,814,112,61,32,1593,114,1566,460,2498,823,33,615,171,93,10,2388,807,0,0,0,0,0,0,12238,1021,762,873,458,1021,151,21818,9479,22090, , ,56500,313,820,39,770,0,0
22071000901,LA,Orleans Parish,Census Tract 9.01,55000,35380,99999,1,2675,0,0,0,0,0,0,0,0,0,0,33,33,0,2507,123,0,1761,1215,138,2132,807,640,895,127,1172,520,768,111,40,41,1996,229,1653,671,2675,961,132,723,162,8,0,2613,961,5,0,67,0,0,0,12905,1146,975,956,465,1146,194,19010, ,19087,13594, ,55200,281,1013,0,974,39,0
22071000902,LA,Orleans Parish,Census Tract 9.02,55000,35380,99999,1,3005,0,0,0,0,0,0,0,0,0,0,0,0,0,2734,55,0,1566,1116,102,2105,644,616,923,142,1117,491,781,117,45,16,1921,156,1663,489,2998,1304,113,700,236,0,0,2945,1293,11,5,9,0,0,0,8425,1120,920,999,399,1120,232,18737, ,18640,18750, ,47800,285,944,0,921,4,0
22071000903,LA,Orleans Parish,Census Tract 9.03,55000,35380,99999,1,2715.917082,0,0,0,0,0,0,0,0,0,0,7.088503368,0.088503368,7,2504.386062,41.22758009,18,1633.304969,1160.098794,102.2073507,2086.091384,657.2744485,625.3300792,986.8813287,83.30344012,1155.194884,575.0114671,903.5778886,140.2579241,97.06574536,43.10114671,1985.742428,179.4475742,1625.170949,555.0291678,2686.899382,872.3693616,98.26298144,678.3958246,151.4399882,6.037930015,0,2664.813407,863.3693616,0,0,0,0,16,9,8541.859038,1090.470508,916.8535134,931.0204055,412.0569831,1090.470508,219.7965303,20456.1146,13749.99958,20583.83796, ,5000,53400.81677,306.0046005,975.9116727,0.015172007,970.8788,0,5
22071000904,LA,Orleans Parish,Census Tract 9.04,55000,35380,99999,1,2334.082918,0,0,0,0,0,0,0,0,0,0,34.91149521,34.91149521,0,2124.614014,89.77242279,0,1303.695068,827.9011841,81.79264832,1613.908569,502.7255554,524.6699219,742.1186523,119.6965637,865.8051147,398.9885254,622.4221191,101.7420731,25.93425369,39.8988533,1476.257568,176.5524292,1250.829102,405.9708252,2327.100619,934.6306152,103.7370148,550.604187,173.5600128,14.96207047,0,2293.186523,934.6306152,0,0,0,0,0,0,8913.99965,974.52948,731.1464844,796.9796143,416.9430237,974.52948,314.2034607,18986.00024,13750,18952.9996, , ,53799.99854,308.0000079,754.0883179,5.984827995,741.1212158,0,0
22071001100,LA,Orleans Parish,Census Tract 11,55000,35380,99999,1,2952,0,25,67,62,5,0,0,0,0,0,93,79,37,2697,176,25,1775,1149,233,2283,652,609,1119,143,1195,559,976,206,43,76,2107,204,1968,555,2927,1248,69,683,211,521,184,2257,1053,35,0,116,5,0,0,9931,1440,1054,1220,874,1440,502,16535,21250,14625,34167, ,56400,293,1189,328,807,46,0
22071001200,LA,Orleans Parish,Census Tract 12,55000,35380,99999,1,2144,19,104,172,96,34,0,0,0,0,0,93,36,33,2106,253,20,1653,932,449,1855,424,486,1123,75,773,387,1048,350,32,161,1795,167,1599,440,2127,701,38,354,93,1134,247,862,402,0,0,147,58,0,0,16613,1285,1233,1043,768,1285,513,22845,25000,14010,7143, ,94800,348,1080,672,341,72,0
22071001301,LA,Orleans Parish,Census Tract 13.01,55000,35380,99999,1,3022,0,44,55,60,0,0,0,0,5,0,57,42,0,2773,190,19,1701,1047,271,2232,590,661,1170,122,1168,621,1048,225,22,65,2024,237,1861,515,2978,1064,51,676,191,367,70,2582,994,0,0,54,31,6,0,13162,1289,1193,1065,674,1289,315,20778,31974,19762,21000,22500,59100,341,1064,188,852,32,6
22071001302,LA,Orleans Parish,Census Tract 13.02,55000,35380,99999,1,1918,0,11,9,0,0,0,0,0,0,0,17,0,8,1803,113,22,1104,801,81,1422,491,322,617,58,759,389,559,66,16,17,1313,160,1154,276,1918,707,65,516,118,70,53,1810,654,13,0,21,0,17,0,8948,742,644,662,410,742,128,21712,7174,22038,73750,27500,58700,359,653,40,601,4,8
22071001401,LA,Orleans Parish,Census Tract 14.01,55000,35380,99999,1,3171,0,0,0,0,0,0,0,0,0,0,7,7,0,3003,56,0,1976,1486,92,2497,736,803,1010,151,1332,561,859,135,31,29,2336,223,1891,521,3163,1146,171,841,168,0,0,3163,1146,0,0,0,0,0,0,10998,1442,1300,1189,477,1442,274,19784, ,19784, , ,51500,324,1183,0,1183,0,0
22071001402,LA,Orleans Parish,Census Tract 14.02,55000,35380,99999,1,3202,0,0,9,0,0,0,0,0,0,0,25,25,0,2939,63,0,1901,1238,122,2365,732,752,1032,159,1275,552,873,99,37,77,2209,188,1896,543,3196,871,65,851,174,16,7,3180,864,0,0,65,0,0,0,10907,1323,1220,1133,564,1323,341,22310,25278,22255,31250, ,57800,355,1153,16,1137,13,0
22071001500,LA,Orleans Parish,Census Tract 15,55000,35380,99999,1,2071,0,6,8,0,0,0,0,0,0,0,25,10,0,1863,99,15,1042,719,71,1424,457,347,707,156,704,367,551,100,60,28,1291,165,1206,330,2066,1175,69,513,225,31,13,1995,1162,0,0,38,18,20,0,7806,948,786,676,442,948,299,12679,11250,12045,30417,32500,53700,320,676,16,630,25,10
22071001600,LA,Orleans Parish,Census Tract 16,55000,35380,99999,1,1559,0,0,0,0,0,0,0,0,0,0,0,0,0,1349,24,10,565,523,0,811,127,134,284,151,568,229,133,0,0,0,721,10,779,283,1556,1238,14,370,282,0,0,1549,1238,0,0,11,11,0,0,3496,564,518,421,265,564,420,11126, ,11126,3750, ,23100,253,440,0,440,5,0
22071001701,LA,Orleans Parish,Census Tract 17.01,55000,35380,99999,1,2630,0,0,0,6,0,0,0,0,0,0,0,0,0,2505,81,7,1867,722,585,2208,1032,660,1001,66,1235,474,935,405,41,46,2091,466,1330,325,2619,266,33,749,30,7,0,2574,266,16,0,12,0,0,0,17333,1046,948,1009,217,1046,0,35861,36250,35724,31250, ,73800,464,1019,7,1000,6,0
22071001702,LA,Orleans Parish,Census Tract 17.02,55000,35380,99999,1,4387,0,117,80,39,16,0,0,0,0,0,279,74,207,4090,360,39,2779,1206,775,3465,1688,753,2177,196,1751,1096,1981,619,76,126,3242,485,2903,460,4260,615,84,1137,108,978,115,2965,379,17,5,134,77,124,48,14256,1596,1402,1480,725,1596,269,35948,32409,38578,20833,23750,66300,338,1474,384,975,40,41
22071001720,LA,Orleans Parish,Census Tract 17.20,55000,35380,99999,1,4972,0,33,54,60,5,0,0,0,0,0,66,50,6,4634,169,26,2910,1472,395,3712,1490,805,2391,232,2071,1292,2159,454,112,101,3433,366,3198,656,4949,908,55,1309,191,482,27,4303,871,0,0,90,6,6,0,14540,1804,1296,1678,1007,1804,351,36387,32500,36705,34375, ,70500,432,1667,232,1368,39,0
22071001722,LA,Orleans Parish,Census Tract 17.22,55000,35380,99999,1,7026,0,42,65,0,0,0,0,15,0,0,73,23,34,6550,161,42,4274,2459,688,5381,2127,1338,2787,236,3018,1447,2551,542,191,111,4983,549,4332,1296,6965,2313,262,1821,416,302,62,6597,2237,0,0,52,8,14,6,11560,2692,1842,2454,1109,2692,577,24978,20859,25673,33750,20625,69800,332,2427,147,2250,8,14
22071001723,LA,Orleans Parish,Census Tract 17.23,55000,35380,99999,1,5564,0,154,87,84,11,0,0,7,0,0,151,73,67,5241,309,62,3498,1711,668,4297,1926,1022,2569,162,2351,1379,2407,736,168,125,3943,504,3449,814,5501,580,37,1459,99,899,48,4452,516,15,0,186,40,0,0,15839,2048,1433,1963,1085,2048,191,39049,39508,38684,43750, ,79000,217,1964,463,1462,62,0
22071001724,LA,Orleans Parish,Census Tract 17.24,55000,35380,99999,1,5642,0,176,192,122,16,0,0,10,0,0,113,40,47,5263,198,22,3651,1342,1030,4408,1833,1041,2854,153,2398,1583,2701,879,115,162,4176,616,3533,614,5464,833,39,1467,142,1032,71,4221,753,27,0,80,9,9,0,17529,2158,886,2059,1270,2158,612,35000,29349,34886,46625,67500,97200,488,2062,489,1488,31,9
22071001725,LA,Orleans Parish,Census Tract 17.25,55000,35380,99999,1,7790,0,206,231,247,7,0,0,0,0,0,233,144,14,7247,332,15,4841,2265,959,5976,2459,1478,3863,267,3352,2153,3596,968,295,160,5550,641,5014,1000,7774,1032,139,2027,182,1208,94,6420,926,17,0,75,29,47,0,15953,2991,644,2903,1869,2991,950,35322,27688,37364,16094,87500,86200,408,2874,644,2163,37,17
22071001730,LA,Orleans Parish,Census Tract 17.30,55000,35380,99999,1,2269,0,0,6,28,0,0,0,6,0,0,115,104,19,2059,206,21,1259,338,338,1617,740,341,1265,56,839,663,1209,384,119,50,1501,141,1521,185,2269,177,6,524,36,133,6,1881,134,9,0,53,0,233,37,17612,859,38,817,664,859,439,40227,36591,40547,38611,41785.71429,86900,523,830,86,684,20,54
22071001734,LA,Orleans Parish,Census Tract 17.34,55000,35380,99999,1,1749,14,249,314,149,0,7,0,6,0,0,42,30,7,1704,60,5,1460,905,197,1577,1022,297,809,11,688,332,798,201,42,252,1538,344,1196,280,1749,188,57,555,14,1681,171,20,17,0,0,22,0,0,0,26595,1308,665,817,428,1308,38,37328,37667,6875,18750, ,106700,250,844,818,9,10,0
22071001735,LA,Orleans Parish,Census Tract 17.35,55000,35380,99999,1,5338,0,42,13,14,12,0,0,0,0,0,52,0,52,4835,149,36,2847,1116,595,3946,1197,887,2715,258,2171,1417,2457,712,108,87,3663,353,3703,759,5307,1181,6,1342,214,139,32,5081,1062,0,0,10,10,43,43,13824,2222,177,2054,1610,2222,1457,29429,20833,29964,3750,5000,74500,452,2054,78,1958,10,8
22071001736,LA,Orleans Parish,Census Tract 17.36,55000,35380,99999,1,4258,0,0,0,50,0,0,0,0,0,0,79,26,35,3732,208,22,2144,1204,319,2919,929,718,1831,248,1657,984,1583,292,151,31,2704,150,2606,757,4022,1361,6,1039,341,71,28,3864,1333,0,0,82,28,0,0,11143,1764,149,1524,1309,1764,1439,20144,21250,19434,25114, ,86200,419,1512,43,1441,21,0
22071001737,LA,Orleans Parish,Census Tract 17.37,55000,35380,99999,1,4099,0,190,71,93,20,0,0,0,0,0,67,56,31,3727,109,17,2400,1257,292,2988,1226,661,2075,135,1658,1109,1940,368,86,78,2806,310,2690,529,4059,675,8,1062,127,601,50,3333,615,0,0,46,22,0,0,15083,1636,687,1564,1188,1636,852,31888,37250,30824,36136, ,71300,419,1559,233,1271,30,0
22071001739,LA,Orleans Parish,Census Tract 17.39,55000,35380,99999,1,3165,0,22,6,13,0,0,0,0,0,0,56,31,17,2909,158,33,1875,746,569,2432,995,551,1527,98,1275,786,1429,523,78,79,2273,277,2174,529,3127,503,74,823,102,141,13,2908,490,0,0,0,0,69,0,17475,1350,325,1319,970,1350,803,25955,43750,25523, ,67500,119900,349,1218,58,1147,0,4
22071001740,LA,Orleans Parish,Census Tract 17.40,55000,35380,99999,1,5358,0,11,47,19,0,0,0,0,0,0,160,80,49,4947,297,103,3207,927,1108,4125,1922,710,2946,254,2202,1574,2692,1094,181,130,3873,617,3831,509,5325,729,40,1395,129,201,14,4941,655,44,0,80,10,110,50,18486,2115,89,2024,1407,2115,951,38760,37031,38982,45114,33214.28571,98900,427,2113,104,1954,33,37
22071001741,LA,Orleans Parish,Census Tract 17.41,55000,35380,99999,1,1804,0,52,51,11,0,0,0,13,0,0,392,257,93,1724,542,132,1127,501,318,1445,742,252,947,67,691,474,880,267,123,98,1323,227,1236,195,1708,291,14,464,52,248,0,850,105,15,15,27,0,541,171,16618,494,179,494,176,494,0,43258,44792,45000,60179,38035.71429,86500,497,562,98,292,13,152
22071001743,LA,Orleans Parish,Census Tract 17.43,55000,35380,99999,1,3086.999947,2.986576319,11.94630527,14.93288136,30.23908615,0,0,0,0,0,0,72.42447662,38.82549286,27.6258316,2820.447998,146.3422394,25.01257706,1679.575806,648.0870361,459.9327393,2233.585693,885.1465454,490.545166,1486.195068,136.6358643,1283.10791,839.6012573,1349.559204,435.2934875,67.57128906,75.41104889,2099.936523,244.1526184,2020.418823,347.5628052,3081.773439,543.9302368,23.89261055,838.8546143,113.4898987,206.4470825,12.31962776,2748.770264,527.8773804,0,0,44.05200195,7.093118668,4.106542587,0,14481.99975,1134.152344,270.2851563,1095.326904,870.2136841,1134.152344,662.2733154,31803.00167,57499.99929,29854.99925,18750.00009,47499.99828,141899.9975,471.9999981,1099.43335,72.42447662,971.3839722,12.6929493,4.106542587
22071001744,LA,Orleans Parish,Census Tract 17.44,55000,35380,99999,1,5181.999806,5.013423443,20.05369377,25.06711769,50.76091385,0,0,0,0,0,0,121.5755157,65.17450714,46.3741684,4734.551758,245.6577454,41.98742294,2819.424072,1087.912842,772.0671997,3749.414063,1485.853394,823.4547729,2494.804932,229.3641205,2153.89209,1409.398682,2265.440674,730.7064819,113.4287033,126.5889435,3525.063477,409.8473816,3391.581055,583.4371338,5173.226315,913.0697632,40.10738754,1408.145264,190.5100861,346.552887,20.68037224,4614.229492,886.1226196,0,0,73.94799805,11.90688038,6.893457413,0,14481.99946,1903.847534,453.7148132,1838.673096,1460.786255,1903.847534,1111.726685,31802.9996,57500.0013,29855.00015,18750.00073,47499.99877,141900.0025,471.9999787,1845.566528,121.5755157,1630.615967,21.3070488,6.893457413
22071001745,LA,Orleans Parish,Census Tract 17.45,55000,35380,99999,1,3750.216357,0,24.98922729,62.65955353,21.25949097,7.086497307,0,0,2.237841129,0,0,113.7569275,51.09737396,31.32977676,3477.572662,221.9192505,13.05407333,2042.370514,927.163517,386.0113535,2682.393219,1212.180107,428.4979324,1704.489014,142.1029205,1451.629147,945.1149292,1562.386108,384.5357056,85.78391266,82.05417633,2409.74942,224.1246529,2399.71167,490.8331604,3650.291953,886.1851196,23.87030602,935.4176025,182.7570343,204.7624664,13.05407333,3299.323975,847.0228882,9.324337959,3.356761694,91.00553894,17.52975655,15.66488838,7.459470749,13386.96138,1161.439575,94.73527527,1103.255737,688.5091553,1161.439575,127.1839752,37120.00055,46528.00091,36832.00007,26303.99935, ,81650.17791,466.9693811,1107.358398,99.58393097,982.0393066,21.63246536,0
22071001746,LA,Orleans Parish,Census Tract 17.46,55000,35380,99999,1,6237.783939,0,42.01077652,105.3404541,35.74050903,11.91350365,0,0,3.762158871,0,0,191.2430878,85.90263367,52.67022705,5779.427339,373.08078,21.94592667,3366.629487,1525.836604,628.9886773,4442.607026,1976.820016,714.5020983,2865.510986,238.8970947,2433.370975,1588.885132,2626.614014,646.4642944,144.216095,137.9458313,3984.250825,363.8753622,4034.288574,825.1668701,6136.708339,1489.814941,40.12969589,1572.582397,307.242981,344.2375488,21.94592667,5546.67627,1423.977173,15.67566204,5.643238544,152.9944611,29.47024536,26.33511353,12.5405302,13433.39578,1952.560547,159.2647247,1854.744385,1157.490967,1952.560547,213.81604,37119.999,46527.99955,36831.99899,26303.99888, ,82037.2709,467.8566919,1861.641724,167.4160767,1650.960815,36.36753845,0
22071001747,LA,Orleans Parish,Census Tract 17.47,55000,35380,99999,1,3524.00008,0,74.84223175,60.30145645,50.46504974,2.566019535,0,0,0,0,0,183.4703979,130.0116577,31.64757347,3337.108398,380.1985474,68.42718506,2233.719971,901.5281982,650.9136353,2772.156494,1427.989868,526.0339966,1644.818481,65.86116791,1469.473877,860.0441895,1578.957275,636.8004761,74.41456604,196.7281647,2525.390869,373.7835083,2300.008789,408.8524475,3520.57872,394.3116455,45.76068115,949.4271851,58.16310883,558.9645996,53.03107071,2578.849609,221.1053467,17.53446579,0,46.18835068,5.559709072,266.8660278,87.24465942,21418.00048,1256.921875,499.5184631,1215.010254,718.4854736,1256.921875,156.0995178,47195.99954,39125.00013,49639.99835,32083.00045,62500.00156,95999.99817,168.0000042,1212.444214,249.3315582,848.9248047,17.10679626,69.28252411
22071001748,LA,Orleans Parish,Census Tract 17.48,55000,35380,99999,1,4716.000166,0,100.1577682,80.69854736,67.53495026,3.433980703,0,0,0,0,0,245.5296173,173.9883575,42.35242844,4465.89209,508.8014832,91.57281494,2989.280273,1206.471924,871.0864258,3709.84375,1911.010254,703.9660645,2201.181641,88.13883972,1966.526245,1150.955811,2113.042725,852.1995239,99.58544159,263.2718506,3379.609375,500.2165222,3077.991455,547.147583,4711.421525,527.6883545,61.23932266,1270.572876,77.8368988,748.0354614,70.96893311,3451.150635,295.8946838,23.46553421,0,61.81165314,7.440291405,357.1340027,116.7553406,21418.00075,1682.078247,668.4815674,1625.989868,961.5145874,1682.078247,208.9004974,47195.99925,39125.00015,49639.99848,32083.00134,62500.00209,95999.99823,168.0000056,1622.555908,333.668457,1136.075317,22.89320374,92.71747589
22071001749,LA,Orleans Parish,Census Tract 17.49,55000,35380,99999,1,2699.772969,0,0,10.31953716,4.85625267,0,0,0,0,0,0,799.4605713,391.231842,213.9786377,2415.985596,1150.628418,337.2060547,1313.919922,947.8798218,111.3902969,1792.564209,773.3582153,203.3555756,889.9083252,128.3871765,943.3270874,451.9350281,761.5211182,110.4797516,94.69692993,63.13128662,1630.18335,90.14418793,1567.659058,417.6377258,2676.402253,1017.384949,47.65197754,638.597229,205.7837067,45.52737045,1.821094751,1366.428101,631.0093384,8.801958084,0,70.41566467,27.92345238,1197.369751,372.4138794,8542.999804,788.8375244,205.7837067,754.84375,514.4592896,788.8375244,362.7013855,21471.00017,19271.00011,15113.99998,29792.00072,28928.57242,77900.00396,318.9999979,743.0066528,20.33555794,398.5162354,14.87227345,295.927887
22071001750,LA,Orleans Parish,Census Tract 17.50,55000,35380,99999,1,6195.227031,0,0,23.68046379,11.14374733,0,0,0,0,0,0,1834.539429,897.7681274,491.0213623,5544.01416,2640.371582,773.7939453,3015.080078,2175.120117,255.6097107,4113.435547,1774.641724,466.6444092,2042.091675,294.6128235,2164.672852,1037.064941,1747.478882,253.5202484,217.3030701,144.8687134,3740.81665,206.8558044,3597.34082,958.3622437,6141.597747,2334.61499,109.3480225,1465.402832,472.2162781,104.4726334,4.178905487,3135.572021,1447.990723,20.19804192,0,161.5843353,64.07654572,2747.630127,854.5861206,8543.000085,1810.162476,472.2162781,1732.15625,1180.540771,1810.162476,832.298645,21471.0007,19271.00074,15114.00001,29791.99886,28928.5723,77899.99828,319.0000099,1704.993286,46.66444016,914.4837646,34.12772751,679.0720825
22071001751,LA,Orleans Parish,Census Tract 17.51,55000,35380,99999,1,1865,0,13,0,15,0,0,0,0,0,0,71,29,8,1719,133,24,1192,860,193,1414,390,487,561,58,781,271,503,74,14,62,1359,146,820,214,1524,730,68,404,163,169,48,1184,668,15,7,70,0,42,0,9426,705,268,607,430,705,319,14583,14667,12179,36071,37500,52700,348,596,96,435,34,7
22071001800,LA,Orleans Parish,Census Tract 18,55000,35380,99999,1,1492,12,57,92,137,31,0,0,0,6,7,142,70,41,1472,190,15,1262,394,394,1376,171,462,973,43,580,376,930,294,32,109,1349,187,1247,286,1492,287,23,199,34,1029,177,274,73,21,11,109,20,12,0,21780,1039,985,912,730,1039,596,26661,29688,17279,26042,175000,114000,429,881,629,147,57,5
22071001900,LA,Orleans Parish,Census Tract 19,55000,35380,99999,1,2495,0,15,12,12,0,0,0,0,0,0,100,54,0,2299,146,16,1426,1033,133,1816,439,539,832,188,969,479,644,111,28,35,1661,119,1439,593,2465,1119,123,528,184,130,52,2253,1033,3,0,71,31,16,0,8393,1105,890,937,625,1105,411,14281,14250,14430,12344,22500,63500,315,908,85,781,39,5
22071002000,LA,Orleans Parish,Census Tract 20,55000,35380,99999,1,2229,0,0,9,0,0,0,0,0,0,0,15,15,0,2054,78,13,1216,969,97,1619,359,490,830,79,894,466,751,104,57,38,1512,111,1360,567,2209,1057,92,550,186,148,80,2001,941,0,0,101,79,0,0,7841,998,863,769,510,998,229,15250,22000,14700,14861, ,55600,309,836,52,762,37,0
22071002100,LA,Orleans Parish,Census Tract 21,55000,35380,99999,1,1477,0,0,0,7,0,0,0,0,0,0,46,22,5,1362,104,10,860,513,93,1097,374,271,583,69,643,345,514,123,17,20,1013,69,933,162,1471,522,48,401,93,16,0,1385,522,0,0,57,0,7,0,12187,656,579,572,291,656,124,21250,46250,19750,30278,87500,62300,338,535,5,498,26,7
22071002200,LA,Orleans Parish,Census Tract 22,55000,35380,99999,1,2128,0,0,6,40,0,0,0,7,0,0,7,7,0,1886,53,18,1144,742,154,1485,478,336,737,106,867,426,631,128,33,27,1390,111,1259,203,2089,680,66,468,126,62,0,2017,680,0,0,20,0,0,0,8519,891,790,721,435,891,247,20682,17292,20530,20000, ,51600,323,692,22,664,10,0
22071002300,LA,Orleans Parish,Census Tract 23,55000,35380,99999,1,3646,0,20,12,30,0,0,5,0,0,0,119,52,29,3457,321,21,2265,1358,203,2866,983,824,1514,207,1409,677,1307,234,63,107,2678,294,2325,654,3560,993,66,923,159,142,37,3291,949,0,0,155,17,0,0,13182,1550,1248,1337,710,1550,362,27139,19375,27431,34375, ,60900,315,1369,88,1246,44,0
22071002401,LA,Orleans Parish,Census Tract 24.01,55000,35380,99999,1,2200,0,43,102,34,0,0,0,0,0,0,67,61,19,2035,127,21,1385,694,265,1712,683,396,958,106,950,519,852,309,39,52,1584,210,1415,326,2200,474,26,554,97,298,45,1797,386,11,0,57,6,37,37,14260,907,831,847,401,907,86,31932,35000,30662,35227,5000,81300,392,806,150,609,32,9
22071002402,LA,Orleans Parish,Census Tract 24.02,55000,35380,99999,1,3682,0,88,57,26,0,0,0,0,0,0,96,71,29,3480,242,36,2391,1154,376,2888,1082,834,1797,108,1619,975,1689,337,124,86,2704,317,2396,462,3665,653,50,973,130,604,63,2801,577,26,13,140,16,55,0,15072,1592,1399,1483,984,1592,371,27526,26050,28594,25625,22777.77778,75100,378,1517,347,1053,76,24
22071002501,LA,Orleans Parish,Census Tract 25.01,55000,35380,99999,1,2541,0,142,111,45,6,8,0,4,5,0,147,107,17,2354,188,14,1679,763,348,1996,899,447,1286,98,1065,661,1188,367,62,74,1876,239,1620,302,2541,379,30,694,63,723,63,1595,310,0,0,131,6,27,0,17702,1111,1035,1039,683,1111,311,37782,38942,37096,29464,67500,83200,432,1041,381,599,41,5
22071002502,LA,Orleans Parish,Census Tract 25.02,55000,35380,99999,1,3099,0,24,10,19,33,0,0,0,0,0,209,121,31,2902,295,66,2028,1207,344,2468,934,648,1515,86,1329,783,1429,387,82,129,2316,291,1947,572,3082,432,20,833,64,299,64,2481,326,0,0,250,6,0,0,15668,1251,1077,1155,585,1251,246,30464,17778,34583,31625, ,70400,413,1163,194,896,65,0
22071002503,LA,Orleans Parish,Census Tract 25.03,55000,35380,99999,1,2050,0,119,227,74,7,0,0,0,0,0,79,42,0,1941,107,11,1481,469,606,1694,866,363,1095,28,925,551,1067,510,66,122,1602,200,1323,153,2046,209,38,563,32,925,55,984,126,11,0,76,15,0,0,22319,888,805,835,492,888,129,37411,34145,48964,63125, ,104800,469,916,467,385,29,0
22071002504,LA,Orleans Parish,Census Tract 25.04,55000,35380,99999,1,2656,5,68,143,88,13,0,0,0,0,0,67,56,0,2472,157,21,1656,539,634,2017,884,451,1317,52,1143,771,1265,535,49,105,1891,200,1726,407,2653,367,5,715,57,900,61,1639,298,0,0,90,0,5,0,17613,1128,1041,1049,590,1128,224,40179,42981,37350,36964, ,93400,431,992,397,557,25,0
22071002600,LA,Orleans Parish,Census Tract 26,55000,35380,99999,1,1580,27,100,126,87,27,0,0,8,0,0,93,62,5,1559,178,16,1387,447,494,1525,234,420,1004,114,595,318,890,373,23,171,1489,174,1170,217,1580,454,141,183,22,1108,214,364,200,9,9,84,25,0,0,23799,1352,1267,1092,858,1352,1033,21981,28309,9615,15833, ,158000,377,1068,813,184,56,0
22071002700,LA,Orleans Parish,Census Tract 27,55000,35380,99999,1,2559,0,6,17,0,0,0,0,0,0,0,69,69,0,2310,134,30,1467,1159,137,1834,434,431,985,203,932,525,782,146,70,57,1719,157,1572,394,2559,1012,57,624,191,127,66,2211,932,101,0,93,7,0,0,9070,1000,921,840,615,1000,440,16102,22560,15614,29107, ,70800,308,920,41,829,23,0
22071002800,LA,Orleans Parish,Census Tract 28,55000,35380,99999,1,2032.680332,0,7.98695612,0,0,0,0,0,0,0,0,0,0,0,1908.882568,31.94782448,7.98695612,1195.04834,882.5586548,37.93804169,1530.500488,354.4211731,465.2402039,821.6580811,145.7619476,900.5292969,470.2320557,675.8961792,130.7864075,36.93967056,26.95597649,1377.749878,132.7831421,1156.111938,408.3331299,2027.688485,835.6352539,89.85325623,493.1945496,133.7815094,0,0,2019.701538,827.6483154,0,0,0,0,0,0,9995.000465,1053.279785,995.3743896,875.5700684,519.1521606,1053.279785,469.2336731,13834.99974, ,13834.99974, , ,61999.9976,261.999999,787.713562,0,787.713562,0,0
22071002900,LA,Orleans Parish,Census Tract 29,55000,35380,99999,1,2293.319722,0,10.0130441,7,0,0,0,0,9,0,0,59,52,7,2071.117539,160.0521764,0.013044096,1219.951723,811.4413725,49.06195945,1578.499575,430.5788317,436.7598186,872.3419113,145.2380547,878.4707217,465.7679712,727.1038566,124.2135971,30.06032894,32.04402382,1448.250107,157.2168581,1290.888133,294.6668794,2287.31157,777.3647385,82.14674607,504.8054729,97.2184886,13,0,2239.298526,772.3516945,0,0,127,13,0,0,10909.65333,931.72019,793.6256204,769.4299589,491.8478662,931.72019,258.7663406,20181.22921,28750,20228.88437,14545, ,65793.40247,290.9455641,759.2864739,7,741.2864739,18,0
22071003000,LA,Orleans Parish,Census Tract 30,55000,35380,99999,1,1930,0,0,0,0,0,0,0,0,0,0,32,24,0,1776,36,0,1194,887,79,1524,471,461,658,90,749,330,568,120,22,56,1399,124,1140,291,1930,825,60,497,158,0,0,1905,807,0,0,5,0,9,9,8089,905,866,779,427,905,319,15804, ,16920, ,5000,56200,314,782,0,757,0,9
22071003100,LA,Orleans Parish,Census Tract 31,55000,35380,99999,1,1997,0,6,0,7,0,0,0,0,0,0,25,15,0,1847,45,0,1174,816,93,1449,321,481,788,101,793,438,687,165,40,62,1352,167,1153,293,1990,734,86,489,153,57,0,1862,726,0,0,32,19,13,0,8717,869,830,761,469,869,244,16811,34625,16346,22656,22500,64000,307,769,17,724,15,7
22071003301,LA,Orleans Parish,Census Tract 33.01,55000,35380,99999,1,2818,6,180,214,189,43,0,4,0,0,24,220,77,99,2682,319,15,2149,575,949,2309,1248,567,1319,30,1276,633,1289,865,56,149,2266,298,1558,199,2818,221,59,777,29,1893,132,753,85,0,0,172,29,45,0,28175,1306,1140,1259,629,1306,210,53958,57125,51750,38393,16785.71429,135900,615,1261,921,288,49,21
22071003302,LA,Orleans Parish,Census Tract 33.02,55000,35380,99999,1,4120,12,99,83,26,35,0,0,6,0,0,123,61,30,3897,269,10,2781,1061,1025,3391,1586,720,1920,180,1858,1023,1740,718,51,192,3149,528,2567,622,4113,581,77,1142,92,684,50,3225,502,0,0,175,29,37,0,19279,1516,1017,1457,638,1516,81,48494,60598,44479,18438,66250,99700,408,1475,321,1102,46,17
22071003303,LA,Orleans Parish,Census Tract 33.03,55000,35380,99999,1,2559,0,128,124,63,5,0,6,0,16,0,352,115,210,2429,382,71,1689,706,429,2164,716,502,1505,81,1112,767,1424,409,43,82,2043,117,1812,346,2559,523,38,613,56,964,101,1173,260,0,0,126,20,149,64,14218,1267,1151,1130,697,1267,540,29079,30461,28125,29423,41250,71800,433,1122,510,439,44,51
22071003304,LA,Orleans Parish,Census Tract 33.04,55000,35380,99999,1,2835,0,137,39,37,9,0,10,0,0,0,131,76,36,2678,276,29,1848,902,385,2254,738,609,1409,126,1242,749,1283,382,65,51,2100,268,1848,381,2835,588,60,738,103,618,57,2041,488,6,0,157,49,12,6,18963,1346,1289,1155,679,1346,649,30750,31042,30195,37614,87500,78300,398,1197,319,816,63,6
22071003307,LA,Orleans Parish,Census Tract 33.07,55000,35380,99999,1,1658,0,0,5,5,0,0,0,0,0,0,0,0,0,1559,89,17,1086,548,201,1324,564,287,703,79,734,376,624,157,33,35,1233,182,978,345,1658,258,63,482,60,34,0,1571,258,53,0,0,0,0,0,13231,727,656,656,277,727,155,27798,11250,27887, , ,70000,385,624,14,599,0,0
22071003308,LA,Orleans Parish,Census Tract 33.08,55000,35380,99999,1,4782,0,92,123,19,0,0,0,0,0,0,130,109,33,4561,265,35,3068,1599,737,4032,1165,1032,2149,211,2404,1187,1938,555,57,82,3870,415,3082,575,4456,1000,210,1109,150,429,55,3891,889,7,0,92,56,0,0,14384,2048,1658,1942,1037,2048,651,28408,26544,28950,7083, ,73800,420,1927,241,1575,77,0
22071003400,LA,Orleans Parish,Census Tract 34,55000,35380,99999,1,1968,0,16,46,10,9,0,0,0,0,0,13,0,13,1855,66,22,1283,831,174,1494,427,353,705,40,741,343,665,135,13,27,1429,201,1163,511,1939,703,34,442,129,185,34,1735,669,0,0,19,0,0,0,11627,1038,921,833,594,1038,516,15978,21985,14823,17321, ,75000,321,796,103,680,13,0
22071003500,LA,Orleans Parish,Census Tract 35,55000,35380,99999,1,1881,0,6,0,24,0,0,0,0,0,0,10,6,4,1695,41,0,1182,851,80,1474,380,427,627,71,846,323,556,112,58,11,1401,130,1098,460,1881,820,134,452,127,40,29,1769,763,0,0,57,17,15,11,8380,969,773,814,536,969,364,13564,25250,13617,9091,5000,72500,243,858,21,784,26,11
22071003600,LA,Orleans Parish,Census Tract 36,55000,35380,99999,1,2294,0,4,3,3,0,0,0,0,0,0,48,26,12,2193,132,6,1401,1072,105,1805,466,472,784,63,972,406,721,136,16,27,1617,93,1318,388,2171,669,72,489,112,64,9,2051,648,28,0,81,24,0,0,15437,979,914,817,499,979,367,18304,23438,20091,16776, ,68700,335,805,29,749,27,0
22071003701,LA,Orleans Parish,Census Tract 37.01,55000,35380,99999,1,2083.744732,6.024126209,79.05600727,38.13700241,73.1180461,0.030157762,6.005169902,0,0.022402909,0,0,62.16716017,47.09822814,0.036189314,2054.53966,180.2817596,15.03963592,1635.499648,777.2485313,388.4627062,1897.983033,593.9047328,554.9133493,902.8585798,37.15423541,1081.66557,425.000376,865.7043444,219.4980339,59.08874998,57.14906551,1808.821043,253.3558616,1296.444502,252.6048785,2077.735254,313.6626091,81.07582523,496.9081795,28.1145995,717.8590654,168.1292475,1280.7254,145.4980339,19,0,99.11287619,0.006893203,0.019817958,0.019817958,21095.32769,1128.820667,787.7284706,1004.683665,554.1011891,1128.820667,551.7246479,30778.88196,24829.81727,39260.83437,38122.41307,5000,77597.64135,727.3824958,1052.67591,476.529915,554.0856794,19.04739077,0.007754853
22071003702,LA,Orleans Parish,Census Tract 37.02,55000,35380,99999,1,4342.255292,27.97587395,64.94399261,158.8629913,136.881958,34.969841,5.994830132,0,25.97759628,0,0,193.83284,113.9017715,41.96380997,4104.460449,326.7182312,45.9603653,2898.500488,1447.751465,536.5372925,3459.01709,1049.095215,1059.08667,2155.141357,178.8457642,1931.334473,1159.999634,1976.295654,577.5019531,102.9112473,172.8509369,3271.178955,412.6441345,2834.55542,701.3951416,4331.26477,768.3374023,87.92417908,1053.091797,132.8854065,996.1409302,149.8707581,3160.274658,577.5019531,0,0,130.8871307,7.993106842,22.98018265,22.98018265,16766.00036,2111.179443,2004.271484,1952.316406,1276.898804,2111.179443,840.2753296,26315.00006,32749.99977,22877.00038,17840.99985,5000.000265,75899.99941,382.0000204,1943.324097,614.4700928,1258.914307,54.95261002,8.99224472
22071003800,LA,Orleans Parish,Census Tract 38,55000,35380,99999,1,1694,21,123,165,179,32,0,0,12,0,0,64,11,18,1694,208,8,1568,256,891,1676,403,369,1165,73,682,400,1092,542,16,167,1666,265,1371,215,1608,182,11,246,0,1492,152,17,0,0,0,55,9,11,0,47878,1680,1640,1129,908,1680,1332,33320,35197,30536,25357, ,346000,549,1121,1036,17,42,0
22071003900,LA,Orleans Parish,Census Tract 39,55000,35380,99999,1,1476.955767,0,17.97512054,38.94609451,37.94747925,5.991706848,0,0,0,0,0,4.993089199,0,4.993089199,1381.088501,32.95438766,4.993089199,970.6565552,551.2370605,167.7677917,1184.360718,247.6572266,375.4803162,763.942627,185.7429199,604.1637573,387.4637146,578.199707,198.7249451,16.97650337,22.96821022,1125.442261,127.823082,986.6343994,242.6641388,1476.955767,724.996521,37.94747925,288.6005554,117.8369064,232.677948,61.91430664,1219.312378,652.0974121,5.991706848,5.991706848,6.990324974,6.990324974,0,0,11633.99998,887.7712402,860.8085938,665.0794678,457.3669739,887.7712402,488.3241272,19778.99976,42188.00048,15938.00063, , ,83399.99823,316.9999983,670.0725708,150.7912903,519.28125,0,0
22071004000,LA,Orleans Parish,Census Tract 40,55000,35380,99999,1,2568.044229,0,9.024879061,20.05390463,9.052522462,14.00829302,0,0,0,0,0,6.00691085,6,0.00691085,2389.911541,36.04561161,0.00691085,1654.343469,1087.762958,159.2322046,2011.639254,516.3427782,635.5196959,985.0573601,158.2570836,1100.836213,524.5362819,826.8002765,191.2750518,51.02349689,70.03178991,1900.557706,239.1769178,1672.365584,528.3358673,2561.044229,942.0034554,92.05252246,616.3994471,138.1630961,140.3220456,67.08569454,2366.68763,833.902557,0.00829302,0.00829302,22.00967519,0.00967519,0,0,9226.864551,1254.228749,1181.191431,1000.920525,626.6330339,1254.228749,529.6758811,21358.49292,17588.51897,21662.38758,26250, ,69309.01135,327.9887544,972.9274361,58.20870768,892.7187284,6,0
22071004100,LA,Orleans Parish,Census Tract 41,55000,35380,99999,1,1869,0,128,95,112,8,0,0,3,0,0,130,98,23,1701,141,28,1305,413,543,1481,534,334,1117,112,732,521,1005,556,38,81,1420,136,1308,241,1869,416,25,394,59,1005,99,755,285,0,0,50,15,52,17,22014,999,940,865,611,999,481,35341,45543,24250,36607, ,166100,466,822,574,224,24,0
22071004401,LA,Orleans Parish,Census Tract 44.01,55000,35380,99999,1,2202,0,0,4,0,0,0,0,0,0,0,8,8,0,2018,77,12,1185,929,52,1513,262,490,570,138,880,345,432,111,26,29,1412,118,1237,371,2197,1236,112,547,276,34,12,2156,1224,7,0,23,23,0,0,6050,1198,1082,864,532,1198,519,10953,24583,10742, , ,64400,308,819,10,809,0,0
22071004402,LA,Orleans Parish,Census Tract 44.02,55000,35380,99999,1,2622,0,0,0,0,0,0,0,0,0,0,9,0,9,2255,77,0,1140,969,38,1583,201,513,590,140,1058,419,450,57,35,24,1419,112,1335,548,2614,2133,95,676,457,0,0,2600,2119,5,5,5,5,9,9,5484,905,835,895,603,905,818,4621, ,4721, ,5000,101600,127,952,0,943,0,9
22071004500,LA,Orleans Parish,Census Tract 45,55000,35380,99999,1,3141,0,31,55,39,19,0,0,0,0,0,59,43,34,2873,122,0,1763,1147,165,2287,637,596,1316,114,1250,727,1202,184,74,79,2127,288,1978,509,3141,1189,97,725,230,293,18,2754,1138,0,0,98,33,5,0,11319,1428,1335,1274,940,1428,463,17124,39500,16317,16250,17500,73100,326,1273,158,1077,37,5
22071004600,LA,Orleans Parish,Census Tract 46,55000,35380,99999,1,2812.000029,32.98826981,217.9225006,340.8787842,210.9249878,44.98400497,0,0,0,0,0,199.9289093,121.9566345,36.98684692,2715.034424,344.8773499,18.99324608,2209.214355,460.8361206,1202.572388,2462.124512,902.6790161,576.7948608,1847.343018,122.9562759,1270.548218,889.6835938,1724.386841,993.6466675,45.98364639,178.9363708,2395.148193,250.9107666,2092.255859,198.9292603,2812.000029,345.8770142,24.99111366,596.7877808,17.99360085,2296.18335,195.9303284,287.8976135,127.9544983,0,0,152.9456177,0,9.996444702,0,26686.00027,1696.396729,1645.414917,1564.443726,1175.581909,1696.396729,997.6452026,34792.00044,36683.99968,18124.99924,60875.00055,67500,142599.9956,489.0000143,1571.441162,1295.539307,152.9456177,78.9719162,3.998578072
22071004800,LA,Orleans Parish,Census Tract 48,55000,35380,99999,1,2558,0,0,0,0,0,0,0,0,0,0,7,7,0,2099,38,8,935,847,0,1330,132,254,526,236,935,362,290,7,13,23,1218,35,1205,312,2550,2147,63,712,567,4,4,2531,2128,0,0,0,0,0,0,2593,920,915,833,553,920,853,4962, ,4886, , ,0,99,833,0,827,0,0
22071004900,LA,Orleans Parish,Census Tract 49,55000,35380,99999,1,2976,0,8,19,23,0,0,0,17,0,0,121,97,10,2750,198,78,1780,1334,80,2228,506,800,1039,195,1179,526,844,82,49,69,2059,220,1833,559,2962,1686,140,630,257,134,47,2679,1571,0,0,128,70,37,26,7746,1431,1233,1170,826,1431,645,10873,19444,10302,2499,10357.14286,56700,312,1217,96,1037,55,26
22071005000,LA,Orleans Parish,Census Tract 50,55000,35380,99999,1,1658,0,39,25,59,0,0,0,0,0,0,168,113,46,1525,290,65,1031,695,133,1302,354,293,660,71,661,347,589,133,35,22,1226,106,990,229,1613,561,34,367,98,399,66,914,419,0,0,292,74,0,0,17452,803,659,687,510,803,427,22202,28846,17938,30956, ,69800,364,635,230,303,81,0
22071005400,LA,Orleans Parish,Census Tract 54,55000,35380,99999,1,1639,5,122,158,141,28,0,0,0,7,0,105,56,41,1580,159,8,1292,506,437,1461,399,477,956,33,772,492,923,354,61,140,1425,175,1236,299,1639,353,55,339,51,1082,143,345,145,17,17,121,17,24,24,21400,1088,978,929,633,1088,630,24798,30000,21786,24196,17500,122000,446,926,672,158,65,4
22071005500,LA,Orleans Parish,Census Tract 55,55000,35380,99999,1,2905,11,362,302,341,39,0,0,8,0,0,87,59,7,2745,250,13,2102,546,951,2468,1072,516,1663,74,1297,845,1589,855,74,202,2375,234,2007,288,2897,247,14,711,32,2584,195,69,32,5,5,159,15,12,0,26737,1540,1425,1458,971,1540,546,44833,45130,16875,30000,137500,137900,550,1462,1325,33,58,6
22071005601,LA,Orleans Parish,Census Tract 56.01,55000,35380,99999,1,2949,6,426,424,358,55,0,0,0,0,0,143,66,36,2763,310,38,2207,614,1026,2443,1219,567,1470,37,1346,753,1433,756,105,210,2338,266,1786,269,2949,172,35,829,5,2777,157,14,0,8,0,78,4,51,11,30632,1431,1277,1343,747,1431,387,49583,48526,200001,51597,55000,161400,589,1389,1324,5,31,14
22071005602,LA,Orleans Parish,Census Tract 56.02,55000,35380,99999,1,3137,23,361,437,274,13,8,0,0,0,0,136,95,11,2969,241,42,2334,522,1174,2635,1386,630,1714,27,1429,864,1687,923,87,227,2504,282,1962,184,3137,123,0,853,14,2895,84,9,0,0,0,135,39,53,0,30262,1503,1355,1435,806,1503,318,56367,55156,33750,62292,137500,175700,636,1379,1308,5,40,5
22071005603,LA,Orleans Parish,Census Tract 56.03,55000,35380,99999,1,1817,0,268,215,259,45,0,0,0,7,0,46,42,4,1708,119,18,1294,286,626,1494,666,315,1075,23,798,513,1052,523,28,137,1421,96,1248,204,1808,115,0,478,13,1721,101,18,0,7,7,69,14,0,0,25205,954,826,875,628,954,372,46989,47591,11250,41875, ,175200,658,841,803,10,28,0
22071005604,LA,Orleans Parish,Census Tract 56.04,55000,35380,99999,1,1878,8,210,208,163,0,0,6,0,0,0,70,55,9,1749,161,4,1402,265,784,1506,782,303,964,16,829,485,948,612,31,88,1437,164,1110,149,1878,73,23,512,5,1720,73,40,0,9,0,93,0,0,0,30494,861,779,820,456,861,153,49348,47847,102264,79174, ,164800,609,858,805,7,46,0
22071006000,LA,Orleans Parish,Census Tract 60,55000,35380,99999,1,1326,0,7,49,6,0,0,0,14,0,0,184,104,90,1279,187,0,650,308,252,1133,204,171,388,33,734,239,355,147,3,38,1087,95,1019,158,918,496,33,155,53,165,94,628,300,10,0,11,6,96,96,5904,493,383,396,347,493,272,6875,2499,9306,9792,5000,42500,338,413,81,237,11,66
22071006300,LA,Orleans Parish,Census Tract 63,55000,35380,99999,1,2480,0,23,47,48,0,0,0,0,0,0,290,118,84,2299,418,127,1507,999,212,1884,538,589,944,149,988,504,795,100,27,42,1761,213,1540,323,2456,777,44,576,166,354,24,1732,570,14,7,336,152,0,0,11487,1118,957,988,815,1118,617,21619,25588,21140,16429, ,69600,386,947,178,616,120,0
22071006400,LA,Orleans Parish,Census Tract 64,55000,35380,99999,1,3207,6,104,130,167,14,0,0,0,0,0,310,157,79,3036,495,140,2077,1199,370,2590,807,560,1478,179,1328,737,1299,375,70,60,2391,198,2279,699,3195,981,93,688,146,912,241,1865,670,0,0,421,51,24,12,12458,1465,1352,1282,885,1465,778,22500,24766,18879,41458,24285.71429,81900,378,1320,548,612,161,12
22071006500,LA,Orleans Parish,Census Tract 65,55000,35380,99999,1,3312,7,165,197,122,14,0,0,0,0,0,404,182,115,3199,662,110,2174,1110,543,2680,788,571,1698,68,1401,827,1630,534,73,224,2519,216,2251,581,3312,1056,134,717,188,1201,230,1504,624,0,0,564,213,49,0,13839,1623,1530,1414,1016,1623,1000,21456,28958,16385,18438,22500,89600,394,1416,614,579,199,20
22071006900,LA,Orleans Parish,Census Tract 69,55000,35380,99999,1,4361,0,0,0,0,0,0,0,0,0,0,15,0,0,3773,61,0,1724,1404,7,2514,450,542,1139,315,1648,759,824,40,79,49,2240,71,2204,1093,4352,3010,111,1166,768,7,7,4280,2948,10,0,58,58,16,16,4419,1747,1680,1463,894,1747,1441,7729,2499,7940,2499,5000,50700,159,1477,7,1445,22,8
22071007000,LA,Orleans Parish,Census Tract 70,55000,35380,99999,1,2054,0,0,0,0,0,0,0,0,0,0,46,28,30,2002,322,96,655,381,130,1830,535,370,1237,786,1434,989,451,95,8,16,1821,110,1614,166,1093,527,76,195,61,35,35,997,483,9,9,66,14,0,0,6163,575,503,512,301,575,329,13214,3750,13690,4464, ,53900,361,478,7,454,22,0
22071007101,LA,Orleans Parish,Census Tract 71.01,55000,35380,99999,1,1581.051927,0,0,0,2.813617229,0,0,0,0,0,0,11.45544147,3.014590025,2.612644672,1561.557617,341.2515869,77.17350006,1036.817993,835.8452759,23.31282806,1515.53479,401.3424072,311.1056824,123.1962433,20.70018387,227.0991058,66.12000275,102.4960556,24.3176918,11.25446892,3.818480492,1479.560791,100.4863281,239.5594177,65.51708984,297.8414842,135.2546082,4.019453049,68.33070374,19.89629364,20.90115738,11.85738659,264.2790527,120.7845688,0,0,15.67586803,2.612644672,0,0,13452.00007,131.6371002,108.123291,112.9466324,90.23672485,131.6371002,64.31124878,12900.99989,6742.999795,13717.99951,13869.00048, ,57600.00231,268.0000079,117.5690079,19.09240341,92.84937286,9.847660065,0
22071007200,LA,Orleans Parish,Census Tract 72,55000,35380,99999,1,2435,0,0,37,22,0,0,0,0,0,0,102,38,79,2245,113,9,1459,1062,161,1923,370,665,950,143,1118,570,807,160,25,65,1782,176,1543,520,2353,1147,90,535,180,142,37,2112,1104,0,0,58,0,30,6,10522,1292,1004,1022,808,1292,755,15547,25357,14375,22206,12500,55900,344,1036,58,920,30,21
22071007501,LA,Orleans Parish,Census Tract 75.01,55000,35380,99999,1,3100,0,11,28,9,0,0,0,0,0,0,11,0,11,2922,47,0,2046,1275,266,2444,728,867,1252,87,1376,662,1165,252,91,40,2302,248,1904,534,3100,998,139,823,172,60,0,2940,980,0,0,12,12,6,6,11160,1426,1327,1239,564,1426,332,20483,20625,20556,2499,5000,64800,352,1249,36,1184,5,6
22071007502,LA,Orleans Parish,Census Tract 75.02,55000,35380,99999,1,3819,0,108,6,0,0,0,0,5,0,0,16,0,0,3545,72,12,2401,1592,234,2944,859,909,1636,194,1647,880,1442,277,63,47,2737,275,2357,714,3792,962,133,998,185,202,9,3566,929,0,0,17,17,7,7,12258,1555,1448,1416,664,1555,518,21592,28984,21498,2499,5000,66900,323,1425,47,1367,4,7
22071007604,LA,Orleans Parish,Census Tract 76.04,55000,35380,99999,1,1973,43,121,148,136,22,0,0,0,0,0,70,40,16,1839,59,0,1440,139,999,1541,1191,150,896,0,830,326,896,641,29,230,1501,286,1100,106,1973,25,6,633,0,1886,25,6,0,0,0,28,0,53,0,60898,769,610,752,348,769,64,109721,112026,36250,80384,100000,351300,859,787,746,6,23,12
22071007605,LA,Orleans Parish,Census Tract 76.05,55000,35380,99999,1,1772.034043,0,0,0,0.001840168,0,0,0,0,0,0,7.007492113,0.001971609,0.001708728,1658.021293,53.22318611,5.050473183,1025.678102,717.5466614,131.0152471,1356.991193,417.2624868,382.20347,771.0805731,116.0135384,773.1485279,390.043244,655.0670347,79.01590431,36.00736067,51.00249737,1269.967666,121.0657203,1089.156677,337.0428496,1750.194795,545.0884595,34.00262881,408.0446898,110.0130126,31.01366982,7.007754995,1709.172844,538.0789958,0,0,0.010252366,0.001708728,0,0,9818.050761,727.0860936,659.070715,652.0738696,353.0590168,727.0860936,235.042061,18422.38381,60335.63509,18541.55953,13869.0005, ,62399.75528,322.9916699,689.0768927,17.01248686,665.0607255,0.006440588,0
22071007606,LA,Orleans Parish,Census Tract 76.06,55000,35380,99999,1,4724,32,491,557,621,15,0,9,16,0,0,335,145,140,4502,495,40,3749,1132,1532,4111,1727,1185,2583,48,2217,1238,2535,1341,125,354,3994,489,3087,478,4712,431,109,1172,59,4226,414,68,0,14,0,303,17,93,0,36537,2755,1640,2472,1532,2755,1150,41082,41331,40625,34000,82500,155900,618,2466,2239,41,136,28
22071007700,LA,Orleans Parish,Census Tract 77,55000,35380,99999,1,1607,0,75,65,93,13,0,0,0,0,0,77,29,37,1528,147,11,1244,470,531,1412,365,209,966,117,585,350,849,478,22,62,1352,177,1271,297,1607,389,22,238,43,801,64,708,317,0,0,61,17,16,0,35904,1202,1159,916,786,1202,1035,35948,40650,19554,27054,32500,156800,756,886,582,230,49,7
22071007800,LA,Orleans Parish,Census Tract 78,55000,35380,99999,1,1197,13,28,65,78,19,0,0,0,0,0,141,41,60,1156,210,35,849,210,412,1041,254,246,697,27,535,343,670,289,17,96,986,81,967,161,1197,297,18,222,37,715,90,351,186,0,0,116,13,0,0,25612,865,782,687,541,865,609,32287,34205,17153,49375, ,126600,468,647,458,129,51,0
22071008200,LA,Orleans Parish,Census Tract 82,55000,35380,99999,1,1823,25,72,110,150,36,0,0,0,0,0,205,77,122,1750,295,53,1394,482,483,1659,296,483,1103,63,817,473,1040,384,56,140,1653,194,1370,372,1758,539,41,237,45,1138,243,328,223,6,0,167,44,39,17,25004,1261,1098,1113,931,1261,1097,24821,25824,11103,21042,22500,185000,426,1103,778,193,59,21
22071008300,LA,Orleans Parish,Census Tract 83,55000,35380,99999,1,1418,12,87,93,56,7,0,8,0,0,0,54,28,0,1334,116,9,918,308,419,1153,469,173,720,35,617,349,685,380,17,117,1079,103,951,150,1409,474,30,319,51,742,79,558,373,0,0,68,10,18,4,36189,743,692,642,413,743,409,27024,41250,15417,15972,25000,179500,461,636,412,173,27,10
22071008400,LA,Orleans Parish,Census Tract 84,55000,35380,99999,1,1237,5,14,28,27,8,5,0,6,0,0,78,16,36,1189,139,0,870,398,266,1055,258,183,560,15,515,270,545,238,13,37,1025,62,921,182,1235,370,19,215,36,345,71,748,248,0,0,49,7,73,38,17924,842,723,673,563,842,626,20959,24868,19769,50227,19000,117700,466,677,278,317,44,26
22071008500,LA,Orleans Parish,Census Tract 85,55000,35380,99999,1,1768,0,0,0,0,7,0,0,0,0,0,0,0,0,1600,7,0,1012,870,33,1347,252,339,521,123,737,292,398,73,21,14,1226,84,1060,337,1727,924,68,370,131,7,7,1713,917,7,0,0,0,0,0,7051,822,647,681,405,822,346,11862,6250,12044, , ,64900,262,647,7,633,0,0
22071008600,LA,Orleans Parish,Census Tract 86,55000,35380,99999,1,1622,0,0,5,7,0,0,0,0,0,0,8,8,0,1516,36,3,1040,700,78,1187,248,401,544,118,639,295,426,100,23,14,1137,117,960,305,1593,748,51,373,116,19,0,1561,743,0,0,19,0,8,0,13183,845,675,674,467,845,378,11955,11250,11970, ,112500,63600,277,667,6,648,0,8
22071008800,LA,Orleans Parish,Census Tract 88,55000,35380,99999,1,2000,12,40,80,94,0,0,4,22,0,0,72,29,28,1902,114,13,1212,576,337,1564,388,332,966,122,813,495,844,253,25,87,1439,86,1356,263,1970,827,66,445,147,610,100,1236,711,0,0,87,13,11,0,13066,981,929,846,650,981,482,22935,35833,12750,40000,32500,104800,379,850,334,444,42,6
22071009000,LA,Orleans Parish,Census Tract 90,55000,35380,99999,1,1987,21,98,204,186,23,0,0,5,0,0,148,48,66,1968,202,39,1560,158,1145,1819,738,290,1146,27,933,514,1119,733,39,237,1767,260,1449,78,1987,224,14,457,10,1757,199,62,25,0,0,49,0,14,0,50757,1257,1099,1130,843,1257,727,46098,46970,28929,26250,216666.6667,320800,588,1117,1024,30,12,10
22071009100,LA,Orleans Parish,Census Tract 91,55000,35380,99999,1,2553,17,80,31,54,0,0,0,26,0,0,201,92,125,2439,280,33,1753,971,525,2104,503,545,1227,105,1100,638,1122,421,35,156,2004,150,1776,512,2553,877,113,498,122,592,108,1713,687,0,0,135,23,77,59,14146,1493,1309,1236,1036,1493,967,20847,37045,15282,30461,30500,92200,379,1240,412,694,69,35
22071009200,LA,Orleans Parish,Census Tract 92,55000,35380,99999,1,1949,0,0,0,0,0,0,0,0,0,0,8,0,8,1750,58,16,1179,900,27,1444,232,516,662,156,786,328,506,62,43,37,1383,178,1164,312,1933,965,127,399,161,8,8,1899,948,0,0,9,9,0,0,7399,1033,929,805,532,1033,393,11500,2499,11854,8750, ,48800,291,818,8,801,9,0
22071009400,LA,Orleans Parish,Census Tract 94,55000,35380,99999,1,2144,0,0,0,0,0,0,0,0,0,0,12,7,0,1945,62,11,1264,882,102,1578,289,496,635,158,860,337,477,66,25,20,1486,168,1276,368,2126,1178,83,513,235,21,5,2035,1126,40,40,7,7,0,0,8061,1202,995,886,590,1202,575,11851,28750,12025,6250, ,35800,266,903,5,882,7,0
22071009600,LA,Orleans Parish,Census Tract 96,55000,35380,99999,1,1556,7,82,42,51,13,7,0,0,0,0,20,0,15,1472,82,11,1122,647,246,1294,377,310,797,88,690,408,709,282,24,62,1228,169,1116,294,1556,564,63,329,79,526,50,1005,503,11,11,14,0,0,0,16198,818,755,698,489,818,335,22250,36172,14712,28750, ,105500,376,708,291,409,8,0
22071009700,LA,Orleans Parish,Census Tract 97,55000,35380,99999,1,1664,0,36,55,55,0,0,0,0,0,0,69,54,23,1559,100,35,1031,570,213,1304,362,315,724,87,688,355,637,152,13,64,1231,133,1090,292,1664,625,28,363,100,460,51,1124,532,0,0,95,48,0,0,11038,813,744,688,430,813,287,20703,34464,15121,6806, ,86200,331,683,229,425,23,0
22071009900,LA,Orleans Parish,Census Tract 99,55000,35380,99999,1,3140,42,117,293,326,67,13,0,18,16,0,207,85,108,3059,376,37,2556,707,1357,2946,998,612,1822,33,1542,868,1789,1014,50,260,2889,312,2180,291,2660,412,30,474,14,2151,263,260,89,24,0,124,10,44,38,25508,1884,1767,1670,1385,1884,1318,32165,32401,32625,32500,5789.473684,195300,519,1600,1322,141,52,44
22071010000,LA,Orleans Parish,Census Tract 100,55000,35380,99999,1,2457,0,35,33,13,0,0,0,0,0,0,35,35,0,2266,109,21,1499,821,236,1904,437,501,1068,165,996,533,903,219,38,113,1781,210,1563,482,2446,722,53,541,127,274,38,2072,627,20,0,53,53,30,7,12572,1275,1201,976,639,1275,708,17390,50294,14754,2499,37500,72500,348,1037,164,834,15,13
22071010100,LA,Orleans Parish,Census Tract 101,55000,35380,99999,1,2521,15,83,186,137,16,0,0,8,0,0,115,34,68,2381,223,9,1773,423,886,2203,830,373,1459,48,1189,782,1411,690,50,135,2125,180,1855,294,2513,420,13,557,41,1321,176,1013,178,7,7,83,25,62,29,26540,1416,1298,1229,894,1416,926,34677,37935,29286,12143,61363.63636,160300,571,1200,724,372,46,30
22071010200,LA,Orleans Parish,Census Tract 102,55000,35380,99999,1,2604,0,23,24,16,0,0,0,0,0,0,84,22,47,2446,151,29,1498,986,156,1947,543,561,952,110,1054,475,842,185,31,49,1816,221,1564,583,2604,1023,99,651,200,80,17,2419,998,0,0,110,8,6,0,8477,1120,1034,972,637,1120,471,16132,9722,16462,24205,87500,67900,317,1004,50,902,47,6
22071010300,LA,Orleans Parish,Census Tract 103,55000,35380,99999,1,3423,0,23,42,36,0,0,0,0,0,0,4,4,0,3190,82,24,2163,1469,191,2659,656,834,1312,194,1560,783,1118,218,41,75,2473,251,2064,705,3408,1370,152,863,215,176,35,3154,1270,0,0,16,0,0,0,11032,1445,1227,1269,709,1445,530,16801,46250,15754,42500, ,76700,366,1264,75,1169,16,0
22071010600,LA,Orleans Parish,Census Tract 106,55000,35380,99999,1,1481,0,58,62,60,24,0,0,5,0,6,40,11,20,1414,97,4,1070,460,341,1215,400,266,775,111,714,445,664,249,21,93,1166,132,1014,256,1431,364,61,298,60,515,72,873,265,6,0,35,15,0,0,15889,841,733,743,515,841,378,24421,25568,23698,35250, ,114700,385,719,358,325,18,0
22071010700,LA,Orleans Parish,Census Tract 107,55000,35380,99999,1,1869,56,66,99,100,10,0,0,0,0,0,62,15,27,1818,164,6,1388,360,719,1697,562,398,1126,70,862,558,1056,516,17,162,1644,110,1435,240,1869,498,49,426,69,1049,170,699,320,0,0,45,0,68,8,26563,1115,1077,977,719,1115,573,30701,34352,16761,41389,55000,158200,470,987,592,343,20,27
22071010800,LA,Orleans Parish,Census Tract 108,55000,35380,99999,1,1429,13,76,163,119,39,0,0,0,7,0,114,86,0,1333,144,0,1109,124,742,1214,528,226,921,54,610,399,867,549,37,197,1180,154,1055,123,1429,175,7,290,20,1203,129,163,46,0,0,20,0,14,0,39641,805,777,734,483,805,386,46979,55052,16875,52500,32500,242200,477,726,605,77,10,9
22071010900,LA,Orleans Parish,Census Tract 109,55000,35380,99999,1,3383,5,103,156,230,0,0,0,7,0,0,170,85,60,3171,264,52,2252,681,1052,2778,952,540,1584,99,1437,793,1485,742,83,158,2656,234,2333,418,3378,920,93,750,107,1598,177,1520,706,0,0,145,7,83,22,21857,1680,1571,1522,1017,1680,828,28983,51250,13750,41250,30625,181300,427,1525,814,617,42,33
22071011100,LA,Orleans Parish,Census Tract 111,55000,35380,99999,1,2492,19,13,53,8,10,0,0,0,0,0,39,25,0,2371,108,34,1650,1007,254,2002,484,663,951,196,1096,582,755,209,18,36,1909,188,1640,639,2469,826,34,571,122,261,118,2151,693,6,0,35,4,15,0,15712,1087,972,902,576,1087,388,18482,15000,18328,18750,250000,84000,334,952,104,833,8,15
22071011200,LA,Orleans Parish,Census Tract 112,55000,35380,99999,1,1488,10,51,80,60,21,0,0,0,0,0,134,19,82,1354,166,13,953,248,461,1197,518,173,824,53,651,395,771,445,12,87,1136,114,1055,188,1488,319,7,362,35,887,79,471,195,0,0,73,63,11,6,19939,723,678,681,442,723,254,39226,50875,26389,6429, ,120800,568,641,421,176,28,0
22071011400,LA,Orleans Parish,Census Tract 114,55000,35380,99999,1,1870,0,218,219,191,22,0,0,3,0,0,93,36,28,1794,163,48,1508,395,861,1662,629,343,1136,43,853,534,1093,587,30,171,1611,197,1362,124,1857,167,23,392,0,1626,112,50,8,40,5,98,37,16,5,39109,1134,1066,1040,794,1134,578,39125,40208,50750,11845,9000,187500,480,1033,918,32,53,9
22071011500,LA,Orleans Parish,Census Tract 115,55000,35380,99999,1,1684,18,84,199,143,45,0,0,0,0,0,34,18,0,1615,93,0,1309,341,825,1521,670,215,931,23,766,370,908,632,52,113,1494,163,1116,89,1421,128,6,336,7,1295,103,11,0,0,0,78,0,0,0,39796,827,762,752,535,827,429,46875,51207,18750,23409, ,259300,597,728,668,11,18,0
22071011600,LA,Orleans Parish,Census Tract 116,55000,35380,99999,1,1509,65,73,117,184,30,0,6,6,0,0,60,13,28,1393,80,0,1107,190,762,1253,691,185,737,11,723,386,726,572,19,154,1216,151,928,33,1417,123,12,329,0,1313,110,48,0,0,0,15,0,4,4,46117,738,680,690,462,738,343,59769,61641,58611,46750,5000,254700,625,719,645,34,15,4
22071011700,LA,Orleans Parish,Census Tract 117,55000,35380,99999,1,3019,149,91,377,185,86,0,0,0,0,0,118,53,37,2878,303,37,2061,120,1643,2507,1422,387,1465,18,1253,586,1447,1012,79,340,2376,358,2038,149,3019,218,16,802,7,2815,175,26,0,17,0,89,16,37,16,65411,1343,1260,1261,776,1343,475,92747,102505,80488,50000,30000,443200,741,1265,1140,2,62,32
22071011900,LA,Orleans Parish,Census Tract 119,55000,35380,99999,1,1682,38,123,115,158,35,0,12,5,0,0,161,37,126,1629,218,18,1063,83,787,1472,568,174,862,43,697,395,819,497,30,129,1409,141,1283,154,1676,430,5,312,8,1491,347,13,13,0,0,63,24,87,46,35657,796,740,752,582,796,369,48558,51000,3750,47308,33000,194900,700,765,676,13,48,28
22071012000,LA,Orleans Parish,Census Tract 120,55000,35380,99999,1,1433,30,86,79,93,50,0,0,0,0,0,75,42,11,1365,121,7,1058,78,800,1225,675,194,856,66,690,450,790,556,14,209,1178,122,986,69,1422,156,34,356,10,1232,106,46,42,0,0,67,0,23,8,57803,751,638,675,444,751,293,75249,86095,6250,65917,35000,357400,556,667,571,28,33,16
22071012101,LA,Orleans Parish,Census Tract 121.01,55000,35380,99999,1,2201,90,61,300,190,16,49,0,5,0,5,308,49,235,2080,350,38,1261,196,784,1902,761,168,1215,28,1025,542,1187,765,32,116,1846,117,1687,126,2201,608,19,447,29,1730,422,241,107,0,0,100,40,94,39,40290,1056,976,977,760,1056,558,32857,35250,27396,16750,9615.384615,200700,543,944,736,99,47,50
22071012102,LA,Orleans Parish,Census Tract 121.02,55000,35380,99999,1,3342,100,230,327,400,50,0,0,5,0,0,140,27,114,3306,436,53,675,88,486,3197,556,104,1678,116,1742,958,1562,677,12,92,3128,67,3046,239,1510,603,40,226,0,1293,476,59,44,0,0,74,54,81,26,21968,653,581,584,450,653,392,24886,29821,4375,2500,9642.857143,272100,533,619,521,33,32,27
22071012200,LA,Orleans Parish,Census Tract 122,55000,35380,99999,1,2184.00552,15.97078991,88.83751678,203.6275787,220.5965424,13.97444153,0,0,13.97444153,0,0,236.5673218,67.87585449,135.751709,2063.226318,339.3792725,74.86307526,1503.25061,167.6932983,1045.088623,1870.578735,904.3460083,209.6166229,1247.718018,28.94705582,947.2674561,575.9465942,1218.770874,769.5924683,11.97809219,182.6659088,1817.675537,180.6695557,1605.064331,134.75354,2007.328657,217.602005,27.94888306,459.1602173,12.97626686,1537.188477,106.804657,199.6348724,66.87768555,4.990871906,4.990871906,108.8010025,23.95618439,106.804657,8.983569145,30941.00061,986.1962891,867.4135132,919.3186035,626.8535156,986.1962891,333.3902283,58835.99872,69500.00087,27250.00075,59530.99848,31562.49951,167399.9967,580.9999833,861.4244995,686.7439575,81.85029602,34.93610382,26.95070839
22071012300,LA,Orleans Parish,Census Tract 123,55000,35380,99999,1,2278,47,63,65,52,18,0,0,0,0,0,129,47,59,2154,241,31,1526,601,538,1842,785,422,1066,60,983,510,1006,502,25,66,1756,204,1556,348,2278,591,66,576,97,820,96,1278,484,0,0,124,11,26,0,17688,1066,984,974,648,1066,450,31705,34836,24432,36250,76785.71429,107300,433,1027,449,481,69,13
22071012400,LA,Orleans Parish,Census Tract 124,55000,35380,99999,1,1881.994523,28.02921041,57.16248289,199.3724327,75.40346873,9.025559105,0,0,7.025559105,0,0,45.43267912,38.12414423,23.24828845,1759.773619,77.6207211,0.136923775,1216.749429,503.3067093,479.9114559,1522.421269,489.6540393,361.3833866,1061.282063,55.05294386,768.7325422,549.0534003,1006.229119,449.4075764,22.0219078,102.334094,1444.324509,171.3304427,1281.935646,189.2464628,1881.671383,233.3979918,29.05111821,424.8397992,49.02373345,775.8115015,6.195344582,998.3651301,220.1223186,26.00912825,0.009128252,50.19899589,0.043815609,0.195344582,0.016430853,24456.84763,800.8037425,633.5864902,766.681424,499.1465085,800.8037425,268.6097672,43094.59383,55837.58224,25536.7656,65398.25479,31562.49903,177774.0197,387.3505059,786.5755363,404.2560475,335.1497033,20.06389776,0.049292561
22071012500,LA,Orleans Parish,Census Tract 125,55000,35380,99999,1,1735,7,41,74,106,11,7,0,9,0,0,67,34,15,1628,166,0,1097,327,483,1477,534,322,872,73,817,451,799,370,45,95,1399,111,1191,207,1729,457,29,363,42,896,136,686,288,28,8,86,16,29,9,22039,1136,892,957,758,1136,684,28370,37057,17396,21042,13437.5,157800,434,900,545,275,43,29
22071012600,LA,Orleans Parish,Census Tract 126,55000,35380,99999,1,1961,41,49,134,163,17,0,0,14,0,0,160,30,79,1885,247,52,1264,235,716,1812,610,293,1058,66,885,524,992,595,33,114,1760,160,1479,272,1961,514,52,360,7,1463,362,288,81,0,0,101,33,39,0,37844,1136,1018,1064,728,1136,703,30644,37760,12989,16458,56000,156200,551,1093,843,147,39,18
22071012700,LA,Orleans Parish,Census Tract 127,55000,35380,99999,1,2407,6,79,178,160,0,0,0,0,0,0,117,38,28,2261,258,0,1519,473,737,2019,656,485,1207,42,1092,603,1165,589,31,112,1966,214,1715,159,2402,555,35,508,77,1340,205,883,320,20,12,117,4,33,8,23704,1247,1215,1125,784,1247,609,27041,31875,20109,61750,42222.22222,127700,431,1132,697,352,49,24
22071012800,LA,Orleans Parish,Census Tract 128,55000,35380,99999,1,2778,30,114,167,284,8,0,0,0,0,0,188,43,107,2677,277,30,2079,514,1160,2416,879,378,1361,90,1243,630,1271,740,45,124,2308,175,1838,234,2460,368,25,543,65,1445,90,761,221,31,0,66,21,102,34,21537,1263,1052,1153,874,1263,688,34635,44667,19167,13125,58333.33333,146000,509,1151,778,290,36,38
22071012900,LA,Orleans Parish,Census Tract 129,55000,35380,99999,1,1509,9,43,98,107,16,0,0,0,0,6,89,13,60,1472,88,11,1066,463,421,1344,416,321,849,68,675,393,781,325,44,147,1279,127,1093,203,1500,372,23,347,33,734,148,703,214,0,0,10,10,0,0,16155,942,883,797,566,942,483,21500,25625,15600, , ,97300,389,782,491,272,0,0
22071013000,LA,Orleans Parish,Census Tract 130,55000,35380,99999,1,2015,22,44,47,57,0,0,0,0,0,0,24,24,0,1836,97,26,1234,519,343,1514,387,494,879,75,834,457,804,273,15,34,1411,137,1264,314,2010,823,80,447,134,453,72,1516,734,5,5,24,0,0,0,13132,951,923,836,553,951,438,19153,55625,16134,12344, ,103100,374,841,253,561,15,0
22071013100,LA,Orleans Parish,Census Tract 131,55000,35380,99999,1,2197,0,0,36,11,0,0,0,0,0,0,16,0,16,2006,57,0,1207,864,42,1586,405,451,802,183,820,423,619,104,16,61,1496,124,1345,515,2197,888,19,487,163,13,5,2119,847,7,0,19,12,0,0,8479,831,798,724,408,831,264,17279,28750,17463,12679, ,52000,276,742,8,721,13,0
22071013200,LA,Orleans Parish,Census Tract 132,55000,35380,99999,1,3232,0,59,64,70,4,0,0,0,10,0,97,24,27,3049,193,9,2110,1093,473,2569,772,764,1505,98,1462,795,1407,416,93,138,2413,223,2154,503,3219,727,58,838,139,615,47,2460,657,0,0,128,23,3,0,14226,1405,1299,1276,801,1405,539,27217,31250,26324,68292,37500,79800,378,1301,340,877,67,3
22071013301,LA,Orleans Parish,Census Tract 133.01,55000,35380,99999,1,3630,37,367,649,317,92,0,6,13,14,7,153,114,26,3473,292,19,2694,421,1654,2983,1922,572,1597,21,1560,669,1576,1054,45,469,2805,475,1900,181,3630,99,25,1081,15,3418,95,31,0,19,0,104,0,13,0,48526,1676,1444,1566,816,1676,254,73229,74125,63750,51071,59000,260300,646,1577,1483,6,64,9
22071013302,LA,Orleans Parish,Census Tract 133.02,55000,35380,99999,1,2147,64,324,136,159,12,0,0,12,0,0,217,124,85,2062,249,41,1247,205,750,1842,955,175,1166,64,1000,582,1102,577,20,195,1786,252,1409,143,1676,32,12,517,0,1362,17,175,8,0,0,59,0,80,7,36099,679,504,666,284,679,29,92735,89159,175996,98915,52142.85714,243300,538,671,561,64,13,33
22071013400,LA,Orleans Parish,Census Tract 134,55000,35380,99999,1,1828,47,73,134,104,12,0,0,6,8,6,194,56,110,1794,238,19,1635,678,659,1794,613,400,923,115,689,310,808,519,27,114,1747,236,1289,193,1616,522,72,192,23,1013,161,454,289,0,0,28,6,109,54,38434.94203,1235,785,976,921,1235,1196,37867.87056,54723.77449,7325.730769,16250,19936.77375,273165.8879,590.2545969,958,643,208,18,77
22071013500,LA,Orleans Parish,Census Tract 135,55000,35380,99999,1,2448,33,176,265,261,59,0,0,59,0,15,175,64,56,2448,265,9,2244,477,1148,2419,492,539,1969,78,863,694,1891,945,51,364,2410,407,2106,240,2448,255,15,253,0,2210,220,80,14,0,0,67,15,26,0,37431.93673,2966,2773,1780,1326,2966,2596,32731.88061,34291.11622,16250,47758.08772,32500,272953.6145,551.2705146,1826,1652,56,57,12
22071013600,LA,Orleans Parish,Census Tract 136,55000,35380,99999,1,1532,7,21,11,89,0,0,0,0,10,0,22,0,0,1455,40,6,871,532,148,1153,219,311,666,83,613,370,583,143,59,60,1044,105,1035,234,1532,738,22,297,97,288,35,1197,693,0,0,36,10,5,0,12254.74368,680,651,555,446,680,152,20233.18371,20417.22772,17225.36088,26250,112500,68275.4386,370.8012232,577,202,363,7,5
22071013700,LA,Orleans Parish,Census Tract 137,55000,35380,99999,1,4571,0,30,8,6,0,0,0,17,0,0,76,39,54,4209,103,0,2560,1796,195,3367,855,1001,1537,179,1844,830,1358,215,66,76,3075,269,2777,1119,4536,1820,127,1169,368,132,19,4346,1795,12,6,33,0,30,0,9293.224444,2065,1387,1608,887,2065,953,15518.47352,25833,14781.93281,22708,112500,50116.9297,276.6235955,1624,70,1533,17,7
22071013800,LA,Orleans Parish,Census Tract 138,55000,35380,99999,1,6427,0,0,0,0,0,0,0,0,0,0,28,18,0,5634,98,18,2864,2151,141,3982,729,1077,1787,372,2485,1101,1415,179,58,42,3568,181,3289,970,6303,4160,157,1586,949,80,10,6154,4150,0,0,60,8,0,0,6649.92127,2249,2127,2020,1248,2249,1664,11068.89955,22500,10387.5617,29583, ,64120.93023,174.1097852,2021,50,1953,10,0
22071013900,LA,Orleans Parish,Census Tract 139,55000,35380,99999,1,1425,33,63,46,40,0,0,6,0,0,0,138,27,96,1384,191,18,1138,532,361,1306,301,436,643,144,635,241,499,237,23,85,1275,164,956,358,1425,485,113,242,27,801,168,483,252,17,9,114,48,0,0,21970.97785,1080,830,805,633,1080,944,22743.00493,28677.16667,8042.216346,5242.537313, ,149375,614.196,811,504,208,67,0
22071014000,LA,Orleans Parish,Census Tract 140,55000,35380,99999,1,2955,0,0,0,0,0,0,0,0,0,0,0,0,0,2688,30,4,1420,1287,0,1905,209,613,643,182,1080,370,461,48,37,15,1709,165,1538,486,2940,1823,164,597,308,0,0,2924,1823,16,0,0,0,0,0,4546.730769,1354,1166,991,604,1354,1012,9034.20284, ,8964.174312, , ,53189.89899,187.4127844,986,0,981,0,0
22071014100,LA,Orleans Parish,Census Tract 141,55000,35380,99999,1,2916,0,0,0,0,0,0,0,0,0,0,32,21,11,2633,114,17,1313,1137,53,1920,299,354,710,172,1083,421,538,48,26,19,1701,82,1688,616,2903,2007,69,608,332,39,25,2800,1918,0,0,69,69,0,0,5005.440311,1450,1408,843,468,1450,1252,11167.10638,4508.25,11411.96633,11250, ,52046.51163,158.5200535,846,28,802,16,0
22071014200,LA,Orleans Parish,Census Tract 142,55000,35380,99999,1,2257,0,34,91,87,6,0,0,0,0,0,76,8,26,2074,88,7,1364,756,264,1719,371,505,976,118,842,430,858,275,52,72,1621,204,1459,336,2257,911,76,469,171,501,51,1629,830,14,0,69,26,0,0,13196.31741,1055,923,904,679,1055,384,20869.07767,44221.44523,11164.4748,38500, ,64291.80328,307.4408015,927,283,615,18,0
22071014300,LA,Orleans Parish,Census Tract 143,55000,35380,99999,1,3495,0,9,0,0,0,0,0,0,0,0,12,7,5,3183,71,0,1794,1486,57,2340,391,706,1101,333,1518,743,768,93,36,27,2135,143,1943,855,3461,2080,197,824,385,9,0,3400,2067,27,6,20,13,0,0,6848.52189,1571,1463,1350,784,1571,1205,10226.80691, ,9914.843152,6250, ,51305.55556,191.8953771,1331,0,1307,6,0
22071014400,LA,Orleans Parish,Census Tract 144,55000,35380,99999,1,1909,4,86,111,127,18,0,0,0,0,0,98,45,35,1797,149,33,1347,711,282,1589,545,338,957,43,797,433,914,295,70,112,1546,148,1293,324,1886,408,14,432,53,850,92,887,267,7,0,99,27,13,0,16590.04515,989,857,861,548,989,523,25290.48643,34356.49032,19795.29513,22374.01887,22500,94173.49398,382.0753296,884,465,349,53,6
22071014500,LA,Orleans Parish,Census Tract 145,55000,35380,99999,1,6284.91401,0,0,0,11.18454266,0,0,0,0,0,0,45.53706741,11.98343849,10.38564682,6207.420898,1356.525269,306.7760315,4121.503906,3322.60791,92.67192078,6024.474121,1595.395142,1236.690796,489.723175,82.28627777,902.7523804,262.8367615,407.4369202,96.66640472,44.73817062,15.17902184,5881.47168,399.447937,952.2839355,260.4400635,1183.963717,537.6569214,15.97791767,271.6246033,79.09069061,83.08517456,47.13485718,1050.548096,480.1364441,0,0,62.31388092,10.38564682,0,0,13451.99994,523.2767944,429.8059998,448.9794922,358.7042542,523.2767944,255.6466827,12901.00009,6742.99991,13717.99996,13868.99935, ,57600.00114,268.00001,467.3540955,75.89511108,369.0899048,39.14590073,0
22071980000,LA,Orleans Parish,Census Tract 9800,55000,35380,99999,1,0.999999969,0.011731247,0.077497333,0.121222891,0.075008884,0.015997157,0,0,0,0,0,0.071098469,0.043370068,0.013153217,0.965517223,0.122644857,0.006754355,0.785638094,0.163881972,0.427657306,0.875577629,0.321009576,0.205119088,0.656949878,0.043725558,0.451830775,0.31638819,0.613224268,0.353359401,0.016352648,0.063633129,0.851759672,0.089228578,0.744045496,0.07074298,0.999999969,0.123000354,0.008887309,0.212228924,0.006398862,0.816565931,0.069676504,0.102381796,0.04550302,0,0,0.05439033,0,0.003554923,0,26686.00077,0.603270531,0.585140407,0.556345522,0.418058991,0.603270531,0.354781359,34792.0007,36683.99881,18124.99969,60875.00202,67500,142600.0034,488.9999901,0.558833957,0.460718095,0.05439033,0.028083894,0.001421969
22071980100,LA,Orleans Parish,Census Tract 9801,55000,35380,99999,1,0.071649109,0.000253065,0.010533842,0.006516431,0.002340854,0.000221432,0,0,0,0,0,0.000854095,0.000442864,0.000189799,0.06816946,0.004491909,0.000189799,0.053902905,0.033784214,0.008003189,0.062285695,0.025875926,0.020435022,0.032202557,0.001644924,0.032265823,0.0123053,0.030557632,0.008098089,0.003795979,0.002467386,0.058268283,0.010375677,0.041281275,0.009584848,0.066872502,0.00920525,0.001739824,0.017904369,0.001581658,0.059438709,0.007750124,0.001961256,0.000727563,0,0,0.00490314,0.000569397,0.000221432,0,22701.99882,0.034954641,0.027267784,0.031886227,0.016765576,0.034954641,0.010154244,32450,32099.99988,21874.99964,60780.99816, ,77000.00104,377.0000124,0.032392357,0.02992497,0.000664296,0.00180309,0
